chr18	0	10000	2.7924686350101062	5000
chr18	10000	20000	16.30939855194931	15000
chr18	20000	30000	18.12334633396553	25000
chr18	30000	40000	3.6146940572068775	35000
chr18	40000	50000	15.407429319513756	45000
chr18	50000	60000	29.190648392364636	55000
chr18	60000	70000	8.02772698009444	65000
chr18	70000	80000	2.4379725265094154	75000
chr18	80000	90000	0.04415178590681777	85000
chr18	90000	100000	0.046279628918525974	95000
chr18	100000	110000	0.08416675083292068	105000
chr18	110000	120000	0.10886280036173426	115000
chr18	120000	130000	0.10886280036173417	125000
chr18	130000	140000	0.18984466295967153	135000
chr18	140000	150000	0.25370898316118085	145000
chr18	150000	160000	0.24870835473263567	155000
chr18	160000	170000	0.0696400784311967	165000
chr18	170000	180000	0.06300148121485347	175000
chr18	180000	190000	0.06756954772149865	185000
chr18	190000	200000	0.0696596272020504	195000
chr18	200000	210000	0.3654058886775189	205000
chr18	210000	220000	0.5642608987654777	215000
chr18	220000	230000	0.40930219455550765	225000
chr18	230000	240000	0.057491778963418165	235000
chr18	240000	250000	0.19692171074813314	245000
chr18	250000	260000	0.5462617774661978	255000
chr18	260000	270000	0.5041980877014717	265000
chr18	270000	280000	0.3612187668438329	275000
chr18	280000	290000	0.3195164331631571	285000
chr18	290000	300000	0.3195164331631571	295000
chr18	300000	310000	0.36801565605046127	305000
chr18	310000	320000	0.3760988598650115	315000
chr18	320000	330000	0.8958346527097298	325000
chr18	330000	340000	1.4072756085964027	335000
chr18	340000	350000	0.667928718708364	345000
chr18	350000	360000	1.1679442946844862	355000
chr18	360000	370000	1.7693111263094596	365000
chr18	370000	380000	1.820143386624256	375000
chr18	380000	390000	1.630292717241627	385000
chr18	390000	400000	2.0254950246019994	395000
chr18	400000	410000	2.9072139695344936	405000
chr18	410000	420000	3.7926876606808806	415000
chr18	420000	430000	2.4570086967557065	425000
chr18	430000	440000	2.2628672238946836	435000
chr18	440000	450000	2.6211832802906905	445000
chr18	450000	460000	3.580519982727055	455000
chr18	460000	470000	2.6607103370700966	465000
chr18	470000	480000	2.641460612998543	475000
chr18	480000	490000	4.095912515308756	485000
chr18	490000	500000	4.828511970157402	495000
chr18	500000	510000	5.6967923315288616	505000
chr18	510000	520000	5.791186983497366	515000
chr18	520000	530000	5.06821736832942	525000
chr18	530000	540000	2.9707840124075835	535000
chr18	540000	550000	3.2408177855071254	545000
chr18	550000	560000	4.916187493211765	555000
chr18	560000	570000	6.104665422065266	565000
chr18	570000	580000	6.127828360365624	575000
chr18	580000	590000	3.6413150850073057	585000
chr18	590000	600000	3.6413150850073026	595000
chr18	600000	610000	3.1437104302993606	605000
chr18	610000	620000	6.689602891962847	615000
chr18	620000	630000	5.897137721493752	625000
chr18	630000	640000	10.186350628364714	635000
chr18	640000	650000	8.386309495790055	645000
chr18	650000	660000	12.201634046432572	655000
chr18	660000	670000	11.201339222233365	665000
chr18	670000	680000	9.88068542598091	675000
chr18	680000	690000	12.000795895993427	685000
chr18	690000	700000	20.247198061616125	695000
chr18	700000	710000	10.382989771534099	705000
chr18	710000	720000	10.5827877671607	715000
chr18	720000	730000	10.089450085132091	725000
chr18	730000	740000	14.98040377953564	735000
chr18	740000	750000	8.564787240844952	745000
chr18	750000	760000	7.704340478615956	755000
chr18	760000	770000	12.102816904545989	765000
chr18	770000	780000	8.998591200203085	775000
chr18	780000	790000	11.259409680528352	785000
chr18	790000	800000	14.678103770792008	795000
chr18	800000	810000	17.42301487054363	805000
chr18	810000	820000	14.360269221992493	815000
chr18	820000	830000	16.923813840561323	825000
chr18	830000	840000	12.827745151926175	835000
chr18	840000	850000	9.63448993534748	845000
chr18	850000	860000	16.731659274775417	855000
chr18	860000	870000	15.523008214047376	865000
chr18	870000	880000	15.308113197342918	875000
chr18	880000	890000	12.811186821586293	885000
chr18	890000	900000	21.458233585486564	895000
chr18	900000	910000	17.094439156402565	905000
chr18	910000	920000	19.38428496589816	915000
chr18	920000	930000	15.956145658466541	925000
chr18	930000	940000	17.04215859565209	935000
chr18	940000	950000	20.07443175023942	945000
chr18	950000	960000	27.395040956519495	955000
chr18	960000	970000	25.87481957834314	965000
chr18	970000	980000	15.944145107913673	975000
chr18	980000	990000	18.723081484168155	985000
chr18	990000	1000000	45.58030733397548	995000
chr18	1000000	1010000	47.275045067721955	1005000
chr18	1010000	1020000	24.555819416027298	1015000
chr18	1020000	1030000	24.967287278420468	1025000
chr18	1030000	1040000	14.282308342109554	1035000
chr18	1040000	1050000	10.10940368544504	1045000
chr18	1050000	1060000	14.75524237622162	1055000
chr18	1060000	1070000	15.351200879616197	1065000
chr18	1070000	1080000	10.926297187293923	1075000
chr18	1080000	1090000	10.202157373639405	1085000
chr18	1090000	1100000	10.48077458810919	1095000
chr18	1100000	1110000	8.600387291741209	1105000
chr18	1110000	1120000	9.407068131576898	1115000
chr18	1120000	1130000	38.450118055611924	1125000
chr18	1130000	1140000	15.038586386328673	1135000
chr18	1140000	1150000	24.84739337330045	1145000
chr18	1150000	1160000	29.596745781609407	1155000
chr18	1160000	1170000	43.54457742111789	1165000
chr18	1170000	1180000	39.10505213496039	1175000
chr18	1180000	1190000	19.730521083572505	1185000
chr18	1190000	1200000	20.138654043692252	1195000
chr18	1200000	1210000	10.512444325044912	1205000
chr18	1210000	1220000	13.537531714488965	1215000
chr18	1220000	1230000	12.775029429443174	1225000
chr18	1230000	1240000	16.233405604435834	1235000
chr18	1240000	1250000	16.095241607758936	1245000
chr18	1250000	1260000	25.742770978405552	1255000
chr18	1260000	1270000	16.56702370451069	1265000
chr18	1270000	1280000	13.665205304922464	1275000
chr18	1280000	1290000	10.057672566920965	1285000
chr18	1290000	1300000	14.000944139915983	1295000
chr18	1300000	1310000	10.0657474046772	1305000
chr18	1310000	1320000	12.62126219312382	1315000
chr18	1320000	1330000	16.26266241367712	1325000
chr18	1330000	1340000	12.671294965995035	1335000
chr18	1340000	1350000	15.357966126745305	1345000
chr18	1350000	1360000	19.22440513086755	1355000
chr18	1360000	1370000	16.24786285723656	1365000
chr18	1370000	1380000	18.297039228562895	1375000
chr18	1380000	1390000	28.53338820997992	1385000
chr18	1390000	1400000	24.589952616278797	1395000
chr18	1400000	1410000	17.42597075427616	1405000
chr18	1410000	1420000	9.749046736846267	1415000
chr18	1420000	1430000	20.811643696618393	1425000
chr18	1430000	1440000	11.14882764775443	1435000
chr18	1440000	1450000	8.60159788423712	1445000
chr18	1450000	1460000	13.916633670175885	1455000
chr18	1460000	1470000	7.034863834975535	1465000
chr18	1470000	1480000	7.247467364004446	1475000
chr18	1480000	1490000	4.986069461783392	1485000
chr18	1490000	1500000	3.6291603166380266	1495000
chr18	1500000	1510000	6.9571281349002385	1505000
chr18	1510000	1520000	10.248702109961378	1515000
chr18	1520000	1530000	6.4712413837503115	1525000
chr18	1530000	1540000	8.836849339412721	1535000
chr18	1540000	1550000	7.7065522253997845	1545000
chr18	1550000	1560000	10.725510042896051	1555000
chr18	1560000	1570000	12.342013873976967	1565000
chr18	1570000	1580000	11.440273899635645	1575000
chr18	1580000	1590000	16.31362797719648	1585000
chr18	1590000	1600000	16.598944034297983	1595000
chr18	1600000	1610000	15.246100542190517	1605000
chr18	1610000	1620000	15.308645040530921	1615000
chr18	1620000	1630000	19.2111891360143	1625000
chr18	1630000	1640000	17.852558420248968	1635000
chr18	1640000	1650000	14.7196721730615	1645000
chr18	1650000	1660000	16.17605888003024	1655000
chr18	1660000	1670000	18.76890000969263	1665000
chr18	1670000	1680000	26.610854461429646	1675000
chr18	1680000	1690000	23.4404649112746	1685000
chr18	1690000	1700000	19.0433095211097	1695000
chr18	1700000	1710000	20.28160375295732	1705000
chr18	1710000	1720000	14.678378276577249	1715000
chr18	1720000	1730000	20.468920074802785	1725000
chr18	1730000	1740000	6.886590986368273	1735000
chr18	1740000	1750000	10.306612547604718	1745000
chr18	1750000	1760000	8.183330502039135	1755000
chr18	1760000	1770000	8.878986888898943	1765000
chr18	1770000	1780000	8.756887889041579	1775000
chr18	1780000	1790000	10.656400394802247	1785000
chr18	1790000	1800000	9.162857572742896	1795000
chr18	1800000	1810000	29.18594762221156	1805000
chr18	1810000	1820000	65.35269305182088	1815000
chr18	1820000	1830000	68.69405954272598	1825000
chr18	1830000	1840000	54.66516102583609	1835000
chr18	1840000	1850000	37.63929568956502	1845000
chr18	1850000	1860000	14.599177267654055	1855000
chr18	1860000	1870000	20.012530192475158	1865000
chr18	1870000	1880000	18.54086687361552	1875000
chr18	1880000	1890000	17.83255425856128	1885000
chr18	1890000	1900000	17.126421554571262	1895000
chr18	1900000	1910000	17.150793441370702	1905000
chr18	1910000	1920000	19.799083130161232	1915000
chr18	1920000	1930000	17.876423925180394	1925000
chr18	1930000	1940000	18.95675145438931	1935000
chr18	1940000	1950000	20.81039656721072	1945000
chr18	1950000	1960000	29.75891236346621	1955000
chr18	1960000	1970000	23.599385255742963	1965000
chr18	1970000	1980000	25.372342657797724	1975000
chr18	1980000	1990000	29.361477177163643	1985000
chr18	1990000	2000000	14.621068331739446	1995000
chr18	2000000	2010000	21.812924002400035	2005000
chr18	2010000	2020000	18.327058080115926	2015000
chr18	2020000	2030000	9.197929954440255	2025000
chr18	2030000	2040000	5.6831706337173005	2035000
chr18	2040000	2050000	8.120791221318573	2045000
chr18	2050000	2060000	17.833069224824772	2055000
chr18	2060000	2070000	9.002505256225342	2065000
chr18	2070000	2080000	14.861881218742216	2075000
chr18	2080000	2090000	43.893203399756345	2085000
chr18	2090000	2100000	23.271105291708082	2095000
chr18	2100000	2110000	15.49985562608499	2105000
chr18	2110000	2120000	15.864636989931734	2115000
chr18	2120000	2130000	21.376391526444294	2125000
chr18	2130000	2140000	20.078069631984466	2135000
chr18	2140000	2150000	20.53049909928524	2145000
chr18	2150000	2160000	16.350378446758093	2155000
chr18	2160000	2170000	13.513190904586974	2165000
chr18	2170000	2180000	12.719187860041721	2175000
chr18	2180000	2190000	18.518220390601623	2185000
chr18	2190000	2200000	35.61606808357477	2195000
chr18	2200000	2210000	19.836694327489596	2205000
chr18	2210000	2220000	17.794625727415575	2215000
chr18	2220000	2230000	8.210125363543861	2225000
chr18	2230000	2240000	11.552555439868696	2235000
chr18	2240000	2250000	12.240250789872068	2245000
chr18	2250000	2260000	12.833741695382487	2255000
chr18	2260000	2270000	11.142475866639723	2265000
chr18	2270000	2280000	23.055905926544433	2275000
chr18	2280000	2290000	13.97082082985074	2285000
chr18	2290000	2300000	13.088729856656462	2295000
chr18	2300000	2310000	6.568501998958169	2305000
chr18	2310000	2320000	9.358071031884188	2315000
chr18	2320000	2330000	10.971663782786337	2325000
chr18	2330000	2340000	12.551856839326245	2335000
chr18	2340000	2350000	23.069424330889454	2345000
chr18	2350000	2360000	22.30835024808948	2355000
chr18	2360000	2370000	24.07198843872497	2365000
chr18	2370000	2380000	18.37509405192457	2375000
chr18	2380000	2390000	22.645789146594353	2385000
chr18	2390000	2400000	23.483271607770615	2395000
chr18	2400000	2410000	28.126534624972578	2405000
chr18	2410000	2420000	17.367410226145093	2415000
chr18	2420000	2430000	25.288276730536943	2425000
chr18	2430000	2440000	17.018816530568042	2435000
chr18	2440000	2450000	16.62775198749635	2445000
chr18	2450000	2460000	21.522595250575925	2455000
chr18	2460000	2470000	23.435896353686665	2465000
chr18	2470000	2480000	27.129799031494816	2475000
chr18	2480000	2490000	29.72283987090126	2485000
chr18	2490000	2500000	28.09169221867981	2495000
chr18	2500000	2510000	23.14955944939388	2505000
chr18	2510000	2520000	17.078523242660715	2515000
chr18	2520000	2530000	16.433442389939202	2525000
chr18	2530000	2540000	13.792576156330092	2535000
chr18	2540000	2550000	23.74159145977941	2545000
chr18	2550000	2560000	19.702054068633238	2555000
chr18	2560000	2570000	18.116165429061557	2565000
chr18	2570000	2580000	18.772882542434942	2575000
chr18	2580000	2590000	30.578212801391143	2585000
chr18	2590000	2600000	28.001369924531783	2595000
chr18	2600000	2610000	20.654115280229675	2605000
chr18	2610000	2620000	49.1801702199743	2615000
chr18	2620000	2630000	33.30592336763691	2625000
chr18	2630000	2640000	25.943120729554444	2635000
chr18	2640000	2650000	21.992887642434702	2645000
chr18	2650000	2660000	21.596695122209955	2655000
chr18	2660000	2670000	18.454942521123105	2665000
chr18	2670000	2680000	27.253446295767063	2675000
chr18	2680000	2690000	31.97446460508949	2685000
chr18	2690000	2700000	21.291952465819534	2695000
chr18	2700000	2710000	32.78510483520166	2705000
chr18	2710000	2720000	24.124413417374914	2715000
chr18	2720000	2730000	30.53405510560951	2725000
chr18	2730000	2740000	19.481665883760947	2735000
chr18	2740000	2750000	25.8825818279889	2745000
chr18	2750000	2760000	36.04580862880419	2755000
chr18	2760000	2770000	15.182074794179002	2765000
chr18	2770000	2780000	12.789140601443737	2775000
chr18	2780000	2790000	22.048850260802347	2785000
chr18	2790000	2800000	29.8318245894249	2795000
chr18	2800000	2810000	24.459368009852323	2805000
chr18	2810000	2820000	25.580827150619736	2815000
chr18	2820000	2830000	23.679596904403674	2825000
chr18	2830000	2840000	14.705140137764191	2835000
chr18	2840000	2850000	18.44054658141168	2845000
chr18	2850000	2860000	36.57319186639046	2855000
chr18	2860000	2870000	35.5882955137699	2865000
chr18	2870000	2880000	26.455630697841013	2875000
chr18	2880000	2890000	37.30762103758177	2885000
chr18	2890000	2900000	71.90955178558728	2895000
chr18	2900000	2910000	27.26250719723224	2905000
chr18	2910000	2920000	17.88081884319678	2915000
chr18	2920000	2930000	16.855325075054164	2925000
chr18	2930000	2940000	31.644491134513366	2935000
chr18	2940000	2950000	29.356156312824872	2945000
chr18	2950000	2960000	29.222792112272252	2955000
chr18	2960000	2970000	14.88307962022144	2965000
chr18	2970000	2980000	11.805590754786856	2975000
chr18	2980000	2990000	16.936459487294897	2985000
chr18	2990000	3000000	16.172274874740953	2995000
chr18	3000000	3010000	21.3515788879462	3005000
chr18	3010000	3020000	27.83071433769685	3015000
chr18	3020000	3030000	33.36736936535938	3025000
chr18	3030000	3040000	24.78355313132566	3035000
chr18	3040000	3050000	46.77472164896068	3045000
chr18	3050000	3060000	53.36627054254408	3055000
chr18	3060000	3070000	34.53278954020343	3065000
chr18	3070000	3080000	24.510714687521418	3075000
chr18	3080000	3090000	16.884114685558355	3085000
chr18	3090000	3100000	14.654113774565992	3095000
chr18	3100000	3110000	23.1750468562225	3105000
chr18	3110000	3120000	28.303835005304737	3115000
chr18	3120000	3130000	21.513937654677715	3125000
chr18	3130000	3140000	12.505990859116622	3135000
chr18	3140000	3150000	11.974069518750458	3145000
chr18	3150000	3160000	32.21152041810855	3155000
chr18	3160000	3170000	25.068712531588247	3165000
chr18	3170000	3180000	47.81417887455731	3175000
chr18	3180000	3190000	29.423946895232913	3185000
chr18	3190000	3200000	15.554730788161464	3195000
chr18	3200000	3210000	29.310450220358177	3205000
chr18	3210000	3220000	23.816398296897372	3215000
chr18	3220000	3230000	20.039838666028817	3225000
chr18	3230000	3240000	26.478930082125487	3235000
chr18	3240000	3250000	35.88493510796007	3245000
chr18	3250000	3260000	41.638853965529854	3255000
chr18	3260000	3270000	44.108476011402786	3265000
chr18	3270000	3280000	38.84198408092955	3275000
chr18	3280000	3290000	29.80028927654571	3285000
chr18	3290000	3300000	37.51819060475251	3295000
chr18	3300000	3310000	36.01166615060964	3305000
chr18	3310000	3320000	48.439768243665725	3315000
chr18	3320000	3330000	30.609157900757136	3325000
chr18	3330000	3340000	62.343721653673974	3335000
chr18	3340000	3350000	44.815283053440204	3345000
chr18	3350000	3360000	31.035911319161638	3355000
chr18	3360000	3370000	31.521200405533612	3365000
chr18	3370000	3380000	25.429983683210786	3375000
chr18	3380000	3390000	18.951769462249157	3385000
chr18	3390000	3400000	30.473352071244992	3395000
chr18	3400000	3410000	20.920662816146695	3405000
chr18	3410000	3420000	26.412394521674578	3415000
chr18	3420000	3430000	24.40145695288883	3425000
chr18	3430000	3440000	32.145318838324734	3435000
chr18	3440000	3450000	42.04405063314081	3445000
chr18	3450000	3460000	61.306719114913356	3455000
chr18	3460000	3470000	39.13337290748084	3465000
chr18	3470000	3480000	24.52700069984806	3475000
chr18	3480000	3490000	25.565960833244823	3485000
chr18	3490000	3500000	22.543466182704112	3495000
chr18	3500000	3510000	14.780097216815816	3505000
chr18	3510000	3520000	25.0701401510537	3515000
chr18	3520000	3530000	32.65960748021712	3525000
chr18	3530000	3540000	32.933014669473806	3535000
chr18	3540000	3550000	31.770551573166422	3545000
chr18	3550000	3560000	53.556421068433515	3555000
chr18	3560000	3570000	53.533175744545176	3565000
chr18	3570000	3580000	43.941418710747925	3575000
chr18	3580000	3590000	34.06633843333952	3585000
chr18	3590000	3600000	58.501045473251516	3595000
chr18	3600000	3610000	73.58472718398023	3605000
chr18	3610000	3620000	52.23475713866729	3615000
chr18	3620000	3630000	50.27460371400613	3625000
chr18	3630000	3640000	53.16026371939784	3635000
chr18	3640000	3650000	46.47247252555887	3645000
chr18	3650000	3660000	39.88459109051944	3655000
chr18	3660000	3670000	33.6787473515222	3665000
chr18	3670000	3680000	37.62700107228278	3675000
chr18	3680000	3690000	43.31242658491396	3685000
chr18	3690000	3700000	41.76135139798745	3695000
chr18	3700000	3710000	36.793535968123194	3705000
chr18	3710000	3720000	30.48396800805399	3715000
chr18	3720000	3730000	30.686726617715884	3725000
chr18	3730000	3740000	28.413851664943515	3735000
chr18	3740000	3750000	27.096087813791947	3745000
chr18	3750000	3760000	29.31735740578689	3755000
chr18	3760000	3770000	29.76576417871394	3765000
chr18	3770000	3780000	24.803872992624136	3775000
chr18	3780000	3790000	22.03953264580257	3785000
chr18	3790000	3800000	27.08679948557017	3795000
chr18	3800000	3810000	31.44073125201069	3805000
chr18	3810000	3820000	33.48299508667562	3815000
chr18	3820000	3830000	17.126637786918586	3825000
chr18	3830000	3840000	25.036063646084067	3835000
chr18	3840000	3850000	36.212812815239474	3845000
chr18	3850000	3860000	33.20479310885323	3855000
chr18	3860000	3870000	37.78455468243886	3865000
chr18	3870000	3880000	43.58689837251562	3875000
chr18	3880000	3890000	30.76954008663489	3885000
chr18	3890000	3900000	25.630663370731774	3895000
chr18	3900000	3910000	45.22802240246667	3905000
chr18	3910000	3920000	49.611913434265354	3915000
chr18	3920000	3930000	44.59683721247626	3925000
chr18	3930000	3940000	44.74053095936649	3935000
chr18	3940000	3950000	46.97016525188531	3945000
chr18	3950000	3960000	25.538871713087012	3955000
chr18	3960000	3970000	28.357268525758318	3965000
chr18	3970000	3980000	35.25076151693338	3975000
chr18	3980000	3990000	23.022592130215887	3985000
chr18	3990000	4000000	16.68782537064239	3995000
chr18	4000000	4010000	17.123896981989226	4005000
chr18	4010000	4020000	17.894788325959993	4015000
chr18	4020000	4030000	29.399899944444446	4025000
chr18	4030000	4040000	29.415320180987244	4035000
chr18	4040000	4050000	29.051892282709343	4045000
chr18	4050000	4060000	28.074441907594682	4055000
chr18	4060000	4070000	26.167140114771115	4065000
chr18	4070000	4080000	24.942393067653736	4075000
chr18	4080000	4090000	28.105028792655173	4085000
chr18	4090000	4100000	29.814480130094715	4095000
chr18	4100000	4110000	29.82937417187745	4105000
chr18	4110000	4120000	34.005650308255674	4115000
chr18	4120000	4130000	44.997045636978775	4125000
chr18	4130000	4140000	41.61922073677931	4135000
chr18	4140000	4150000	40.3874077687877	4145000
chr18	4150000	4160000	31.370608529471536	4155000
chr18	4160000	4170000	21.770341851715838	4165000
chr18	4170000	4180000	25.723631752218516	4175000
chr18	4180000	4190000	21.234167007922085	4185000
chr18	4190000	4200000	15.603437391381608	4195000
chr18	4200000	4210000	16.400126203329958	4205000
chr18	4210000	4220000	22.402383748399842	4215000
chr18	4220000	4230000	15.842073380688026	4225000
chr18	4230000	4240000	17.098111061558043	4235000
chr18	4240000	4250000	14.671515869589474	4245000
chr18	4250000	4260000	6.770459374718056	4255000
chr18	4260000	4270000	10.818222573990502	4265000
chr18	4270000	4280000	13.196864808334071	4275000
chr18	4280000	4290000	7.32433247359403	4285000
chr18	4290000	4300000	11.896516623610065	4295000
chr18	4300000	4310000	9.70601994362806	4305000
chr18	4310000	4320000	10.751638961705565	4315000
chr18	4320000	4330000	11.466594480812521	4325000
chr18	4330000	4340000	20.51761721107877	4335000
chr18	4340000	4350000	12.102413049310588	4345000
chr18	4350000	4360000	12.658710703237189	4355000
chr18	4360000	4370000	11.296162917121126	4365000
chr18	4370000	4380000	7.3561171190772265	4375000
chr18	4380000	4390000	9.150602367082936	4385000
chr18	4390000	4400000	9.468512467879725	4395000
chr18	4400000	4410000	12.554850719479242	4405000
chr18	4410000	4420000	18.601618091062026	4415000
chr18	4420000	4430000	14.329353045494093	4425000
chr18	4430000	4440000	13.382108152542887	4435000
chr18	4440000	4450000	13.849703475094616	4445000
chr18	4450000	4460000	13.623974241110115	4455000
chr18	4460000	4470000	17.816856426313542	4465000
chr18	4470000	4480000	20.885646609806926	4475000
chr18	4480000	4490000	16.7271842709578	4485000
chr18	4490000	4500000	13.708874218151692	4495000
chr18	4500000	4510000	12.84199568379677	4505000
chr18	4510000	4520000	13.401224056976819	4515000
chr18	4520000	4530000	13.237706485434089	4525000
chr18	4530000	4540000	12.533482530251613	4535000
chr18	4540000	4550000	9.682643504423615	4545000
chr18	4550000	4560000	10.463184472723439	4555000
chr18	4560000	4570000	12.566063643756037	4565000
chr18	4570000	4580000	14.041666798673795	4575000
chr18	4580000	4590000	19.874246582009206	4585000
chr18	4590000	4600000	20.955124472362268	4595000
chr18	4600000	4610000	36.03643765416248	4605000
chr18	4610000	4620000	36.764937715770024	4615000
chr18	4620000	4630000	31.625612931682028	4625000
chr18	4630000	4640000	46.60281388568107	4635000
chr18	4640000	4650000	35.93702340255751	4645000
chr18	4650000	4660000	40.24005885975123	4655000
chr18	4660000	4670000	33.725878749437676	4665000
chr18	4670000	4680000	33.241614953871746	4675000
chr18	4680000	4690000	29.266977661563327	4685000
chr18	4690000	4700000	19.829968554989616	4695000
chr18	4700000	4710000	43.425517191504866	4705000
chr18	4710000	4720000	67.87078936469044	4715000
chr18	4720000	4730000	44.88443144675629	4725000
chr18	4730000	4740000	40.34444850746294	4735000
chr18	4740000	4750000	43.09021896634675	4745000
chr18	4750000	4760000	34.8110289028162	4755000
chr18	4760000	4770000	20.68416484648446	4765000
chr18	4770000	4780000	24.430168479593732	4775000
chr18	4780000	4790000	20.210925604923627	4785000
chr18	4790000	4800000	18.822469278438476	4795000
chr18	4800000	4810000	28.111481443424537	4805000
chr18	4810000	4820000	18.409685088573294	4815000
chr18	4820000	4830000	12.506864012535459	4825000
chr18	4830000	4840000	21.06623756761117	4835000
chr18	4840000	4850000	30.10252231842345	4845000
chr18	4850000	4860000	26.65084192662693	4855000
chr18	4860000	4870000	31.393688580003904	4865000
chr18	4870000	4880000	26.35471389848574	4875000
chr18	4880000	4890000	25.412366899076332	4885000
chr18	4890000	4900000	29.921817084340443	4895000
chr18	4900000	4910000	26.66587512795049	4905000
chr18	4910000	4920000	17.161776091552778	4915000
chr18	4920000	4930000	24.69622078183549	4925000
chr18	4930000	4940000	40.88332904732197	4935000
chr18	4940000	4950000	40.98704174603615	4945000
chr18	4950000	4960000	44.12960755595186	4955000
chr18	4960000	4970000	41.71559886141027	4965000
chr18	4970000	4980000	40.620066736203	4975000
chr18	4980000	4990000	17.30490046256257	4985000
chr18	4990000	5000000	16.078490449055206	4995000
chr18	5000000	5010000	22.842973408535038	5005000
chr18	5010000	5020000	19.03094525571664	5015000
chr18	5020000	5030000	20.46957604288438	5025000
chr18	5030000	5040000	29.80155336645136	5035000
chr18	5040000	5050000	23.808386365618855	5045000
chr18	5050000	5060000	35.985001260633545	5055000
chr18	5060000	5070000	31.02528941380551	5065000
chr18	5070000	5080000	24.65953746389242	5075000
chr18	5080000	5090000	26.943508204477116	5085000
chr18	5090000	5100000	30.77070122170865	5095000
chr18	5100000	5110000	22.53077223106726	5105000
chr18	5110000	5120000	20.82536369769479	5115000
chr18	5120000	5130000	23.494093640591757	5125000
chr18	5130000	5140000	21.081442126669266	5135000
chr18	5140000	5150000	20.44217707501707	5145000
chr18	5150000	5160000	18.115618956903987	5155000
chr18	5160000	5170000	18.17055712161276	5165000
chr18	5170000	5180000	15.965539073874437	5175000
chr18	5180000	5190000	17.954184087247377	5185000
chr18	5190000	5200000	17.764184213377927	5195000
chr18	5200000	5210000	8.416315087955661	5205000
chr18	5210000	5220000	11.74155499258113	5215000
chr18	5220000	5230000	5.537870280494341	5225000
chr18	5230000	5240000	2.3928381193482995	5235000
chr18	5240000	5250000	5.750020902791364	5245000
chr18	5250000	5260000	5.486586140170428	5255000
chr18	5260000	5270000	2.001530756446969	5265000
chr18	5270000	5280000	5.615309169736642	5275000
chr18	5280000	5290000	5.497463066360766	5285000
chr18	5290000	5300000	2.7084308582146708	5295000
chr18	5300000	5310000	9.82108665697211	5305000
chr18	5310000	5320000	4.544873597251994	5315000
chr18	5320000	5330000	3.944612970237141	5325000
chr18	5330000	5340000	7.312859004636097	5335000
chr18	5340000	5350000	9.17844055711897	5345000
chr18	5350000	5360000	10.207266680273838	5355000
chr18	5360000	5370000	3.9897527216668514	5365000
chr18	5370000	5380000	4.831980237674213	5375000
chr18	5380000	5390000	6.871221127078423	5385000
chr18	5390000	5400000	4.563009912862253	5395000
chr18	5400000	5410000	12.086057732021187	5405000
chr18	5410000	5420000	2.3744633679489757	5415000
chr18	5420000	5430000	5.025948200446244	5425000
chr18	5430000	5440000	9.355474506303006	5435000
chr18	5440000	5450000	6.016136753887484	5445000
chr18	5450000	5460000	17.158794076221447	5455000
chr18	5460000	5470000	11.207426043602425	5465000
chr18	5470000	5480000	7.864472449716657	5475000
chr18	5480000	5490000	14.248239006401075	5485000
chr18	5490000	5500000	21.70417146960011	5495000
chr18	5500000	5510000	21.58791999894177	5505000
chr18	5510000	5520000	12.835744379538523	5515000
chr18	5520000	5530000	14.095751147608528	5525000
chr18	5530000	5540000	10.284226872173544	5535000
chr18	5540000	5550000	12.73171281354194	5545000
chr18	5550000	5560000	15.500776899394383	5555000
chr18	5560000	5570000	11.837998832888138	5565000
chr18	5570000	5580000	27.767578641842245	5575000
chr18	5580000	5590000	21.028956861093043	5585000
chr18	5590000	5600000	23.93664583226667	5595000
chr18	5600000	5610000	16.36348938880317	5605000
chr18	5610000	5620000	22.08334341153593	5615000
chr18	5620000	5630000	26.75241608235522	5625000
chr18	5630000	5640000	26.330368720753235	5635000
chr18	5640000	5650000	17.969993808964727	5645000
chr18	5650000	5660000	17.543270984412327	5655000
chr18	5660000	5670000	17.675814710817487	5665000
chr18	5670000	5680000	11.980750961375085	5675000
chr18	5680000	5690000	18.95677315527193	5685000
chr18	5690000	5700000	22.20813789413824	5695000
chr18	5700000	5710000	30.57368994678163	5705000
chr18	5710000	5720000	17.285938356344406	5715000
chr18	5720000	5730000	16.901958870600513	5725000
chr18	5730000	5740000	25.83674623135175	5735000
chr18	5740000	5750000	28.08845413755668	5745000
chr18	5750000	5760000	20.024837601057246	5755000
chr18	5760000	5770000	31.211122336331375	5765000
chr18	5770000	5780000	27.77288074215935	5775000
chr18	5780000	5790000	25.065945919233457	5785000
chr18	5790000	5800000	35.835277188647815	5795000
chr18	5800000	5810000	25.98473033858839	5805000
chr18	5810000	5820000	20.755923659186088	5815000
chr18	5820000	5830000	18.132016668291808	5825000
chr18	5830000	5840000	33.35793759592523	5835000
chr18	5840000	5850000	13.19378286916111	5845000
chr18	5850000	5860000	13.138968355498857	5855000
chr18	5860000	5870000	7.725359522999327	5865000
chr18	5870000	5880000	12.269648637612018	5875000
chr18	5880000	5890000	9.660816753912437	5885000
chr18	5890000	5900000	10.11500659671996	5895000
chr18	5900000	5910000	12.910105588391845	5905000
chr18	5910000	5920000	9.929454352206816	5915000
chr18	5920000	5930000	11.933772546609482	5925000
chr18	5930000	5940000	17.384534231156877	5935000
chr18	5940000	5950000	18.118335400141323	5945000
chr18	5950000	5960000	18.976827366770625	5955000
chr18	5960000	5970000	10.550215171126904	5965000
chr18	5970000	5980000	16.021081423233476	5975000
chr18	5980000	5990000	20.04430037855362	5985000
chr18	5990000	6000000	17.130394298876162	5995000
chr18	6000000	6010000	27.240565100792463	6005000
chr18	6010000	6020000	16.510178386541288	6015000
chr18	6020000	6030000	29.271646365876055	6025000
chr18	6030000	6040000	36.10893940141175	6035000
chr18	6040000	6050000	26.951896418573007	6045000
chr18	6050000	6060000	10.8075116927248	6055000
chr18	6060000	6070000	12.175418169302294	6065000
chr18	6070000	6080000	18.992624511782616	6075000
chr18	6080000	6090000	24.442721212282414	6085000
chr18	6090000	6100000	10.432093584536519	6095000
chr18	6100000	6110000	19.844853894464357	6105000
chr18	6110000	6120000	32.71471503903434	6115000
chr18	6120000	6130000	44.7078161931511	6125000
chr18	6130000	6140000	40.053305558898366	6135000
chr18	6140000	6150000	32.82142508228095	6145000
chr18	6150000	6160000	27.35023578043983	6155000
chr18	6160000	6170000	26.482923990638454	6165000
chr18	6170000	6180000	17.627625623759098	6175000
chr18	6180000	6190000	32.36900824187682	6185000
chr18	6190000	6200000	31.727832286636502	6195000
chr18	6200000	6210000	38.79121586164174	6205000
chr18	6210000	6220000	33.02317993770638	6215000
chr18	6220000	6230000	27.50960186007292	6225000
chr18	6230000	6240000	34.84896671043268	6235000
chr18	6240000	6250000	32.33138685386157	6245000
chr18	6250000	6260000	36.86172965212528	6255000
chr18	6260000	6270000	26.196509726734124	6265000
chr18	6270000	6280000	33.620553238156425	6275000
chr18	6280000	6290000	22.781533375281	6285000
chr18	6290000	6300000	22.245391095485935	6295000
chr18	6300000	6310000	27.137471798020663	6305000
chr18	6310000	6320000	25.540051733878894	6315000
chr18	6320000	6330000	34.45795267548861	6325000
chr18	6330000	6340000	40.81991978709508	6335000
chr18	6340000	6350000	32.47853899376866	6345000
chr18	6350000	6360000	27.395982153049985	6355000
chr18	6360000	6370000	18.72138187180509	6365000
chr18	6370000	6380000	17.865268103083427	6375000
chr18	6380000	6390000	23.759490671211644	6385000
chr18	6390000	6400000	20.94075845693352	6395000
chr18	6400000	6410000	20.03077008967827	6405000
chr18	6410000	6420000	20.29450428724979	6415000
chr18	6420000	6430000	17.834205648124986	6425000
chr18	6430000	6440000	25.092468903539245	6435000
chr18	6440000	6450000	18.545096629398053	6445000
chr18	6450000	6460000	24.20222741228265	6455000
chr18	6460000	6470000	36.78370147448126	6465000
chr18	6470000	6480000	25.73333432544462	6475000
chr18	6480000	6490000	16.651479175736124	6485000
chr18	6490000	6500000	22.106700154943002	6495000
chr18	6500000	6510000	25.411119554462278	6505000
chr18	6510000	6520000	12.689561851549694	6515000
chr18	6520000	6530000	13.434770660473967	6525000
chr18	6530000	6540000	21.670295436474575	6535000
chr18	6540000	6550000	8.910380176052573	6545000
chr18	6550000	6560000	19.381891642515257	6555000
chr18	6560000	6570000	23.442049966415897	6565000
chr18	6570000	6580000	18.413991960969014	6575000
chr18	6580000	6590000	8.538989775385183	6585000
chr18	6590000	6600000	11.08173002566141	6595000
chr18	6600000	6610000	10.23826148756211	6605000
chr18	6610000	6620000	18.037863635941005	6615000
chr18	6620000	6630000	17.912359785398476	6625000
chr18	6630000	6640000	25.182086102276266	6635000
chr18	6640000	6650000	11.663913197101055	6645000
chr18	6650000	6660000	13.269587253882975	6655000
chr18	6660000	6670000	15.26918552523323	6665000
chr18	6670000	6680000	14.21800060374312	6675000
chr18	6680000	6690000	8.868964740180864	6685000
chr18	6690000	6700000	13.886883434363996	6695000
chr18	6700000	6710000	8.852993380050833	6705000
chr18	6710000	6720000	9.779316424081198	6715000
chr18	6720000	6730000	9.27443592523443	6725000
chr18	6730000	6740000	15.256205318183657	6735000
chr18	6740000	6750000	14.027565679719528	6745000
chr18	6750000	6760000	12.314480644769816	6755000
chr18	6760000	6770000	9.512907816494309	6765000
chr18	6770000	6780000	11.144700357674683	6775000
chr18	6780000	6790000	12.365930037464693	6785000
chr18	6790000	6800000	12.803963758785011	6795000
chr18	6800000	6810000	10.387637763024244	6805000
chr18	6810000	6820000	12.52134876271698	6815000
chr18	6820000	6830000	12.174251456455695	6825000
chr18	6830000	6840000	12.899125178265379	6835000
chr18	6840000	6850000	13.137334897201667	6845000
chr18	6850000	6860000	9.976285360856979	6855000
chr18	6860000	6870000	7.620295675211202	6865000
chr18	6870000	6880000	16.094001562083413	6875000
chr18	6880000	6890000	19.433050618748688	6885000
chr18	6890000	6900000	14.279025361822187	6895000
chr18	6900000	6910000	16.859764866338704	6905000
chr18	6910000	6920000	12.445031101012116	6915000
chr18	6920000	6930000	16.961943351197434	6925000
chr18	6930000	6940000	24.074313383514998	6935000
chr18	6940000	6950000	16.745972330942465	6945000
chr18	6950000	6960000	17.68135113746556	6955000
chr18	6960000	6970000	12.83543558178578	6965000
chr18	6970000	6980000	18.159689617077117	6975000
chr18	6980000	6990000	14.507197604124302	6985000
chr18	6990000	7000000	8.994194824319898	6995000
chr18	7000000	7010000	9.59295994993551	7005000
chr18	7010000	7020000	10.985090289493208	7015000
chr18	7020000	7030000	10.17015908334712	7025000
chr18	7030000	7040000	10.576196816637594	7035000
chr18	7040000	7050000	10.315048149537489	7045000
chr18	7050000	7060000	17.4865053674523	7055000
chr18	7060000	7070000	26.40829682316792	7065000
chr18	7070000	7080000	18.13111174052993	7075000
chr18	7080000	7090000	19.300950747818106	7085000
chr18	7090000	7100000	19.572103182229107	7095000
chr18	7100000	7110000	20.868733219029224	7105000
chr18	7110000	7120000	22.98521525996085	7115000
chr18	7120000	7130000	15.735821098580287	7125000
chr18	7130000	7140000	24.862439484455386	7135000
chr18	7140000	7150000	17.008225254300843	7145000
chr18	7150000	7160000	13.219708588668793	7155000
chr18	7160000	7170000	23.780946773968825	7165000
chr18	7170000	7180000	10.276037271543174	7175000
chr18	7180000	7190000	10.754919039694743	7185000
chr18	7190000	7200000	10.426854540740838	7195000
chr18	7200000	7210000	12.00375763661091	7205000
chr18	7210000	7220000	19.756824473713856	7215000
chr18	7220000	7230000	15.491483782235008	7225000
chr18	7230000	7240000	21.591415161211785	7235000
chr18	7240000	7250000	26.41064664984263	7245000
chr18	7250000	7260000	22.357645631710728	7255000
chr18	7260000	7270000	25.14687816055433	7265000
chr18	7270000	7280000	24.30739183533113	7275000
chr18	7280000	7290000	42.68862883648409	7285000
chr18	7290000	7300000	37.0026863383028	7295000
chr18	7300000	7310000	21.506887266440028	7305000
chr18	7310000	7320000	29.815694329742808	7315000
chr18	7320000	7330000	23.8248414281285	7325000
chr18	7330000	7340000	33.00070389794845	7335000
chr18	7340000	7350000	44.062681167407504	7345000
chr18	7350000	7360000	37.29259170707213	7355000
chr18	7360000	7370000	32.80896472442365	7365000
chr18	7370000	7380000	24.534539361778663	7375000
chr18	7380000	7390000	30.593429133362537	7385000
chr18	7390000	7400000	23.767920888749885	7395000
chr18	7400000	7410000	15.30508698170341	7405000
chr18	7410000	7420000	16.097569074295013	7415000
chr18	7420000	7430000	27.282253258941594	7425000
chr18	7430000	7440000	19.58934590581648	7435000
chr18	7440000	7450000	16.156879466527208	7445000
chr18	7450000	7460000	24.55350969471376	7455000
chr18	7460000	7470000	14.32641616231766	7465000
chr18	7470000	7480000	18.458667602039302	7475000
chr18	7480000	7490000	19.066026314697602	7485000
chr18	7490000	7500000	22.033611647302358	7495000
chr18	7500000	7510000	16.59225224532734	7505000
chr18	7510000	7520000	9.207637779316562	7515000
chr18	7520000	7530000	19.37725302380479	7525000
chr18	7530000	7540000	18.379597970600127	7535000
chr18	7540000	7550000	20.98824775463418	7545000
chr18	7550000	7560000	11.519495248058364	7555000
chr18	7560000	7570000	15.091394908861725	7565000
chr18	7570000	7580000	26.895872700375246	7575000
chr18	7580000	7590000	16.61808832206776	7585000
chr18	7590000	7600000	14.496403775178008	7595000
chr18	7600000	7610000	18.459971222085283	7605000
chr18	7610000	7620000	15.521326553651493	7615000
chr18	7620000	7630000	29.152204311223763	7625000
chr18	7630000	7640000	27.631067926046043	7635000
chr18	7640000	7650000	29.879602507855097	7645000
chr18	7650000	7660000	21.00683205377933	7655000
chr18	7660000	7670000	22.69772643426393	7665000
chr18	7670000	7680000	15.086373748995937	7675000
chr18	7680000	7690000	21.003848284839496	7685000
chr18	7690000	7700000	11.678411962302663	7695000
chr18	7700000	7710000	8.231772262281263	7705000
chr18	7710000	7720000	5.586991341833632	7715000
chr18	7720000	7730000	20.82814307275699	7725000
chr18	7730000	7740000	14.839059863523493	7735000
chr18	7740000	7750000	12.615642840815598	7745000
chr18	7750000	7760000	16.611465695044764	7755000
chr18	7760000	7770000	21.407755466479042	7765000
chr18	7770000	7780000	10.025836891529735	7775000
chr18	7780000	7790000	5.319237510189257	7785000
chr18	7790000	7800000	6.06425506039706	7795000
chr18	7800000	7810000	10.316934912598104	7805000
chr18	7810000	7820000	8.98029083496836	7815000
chr18	7820000	7830000	11.127895668952874	7825000
chr18	7830000	7840000	12.12174700882013	7835000
chr18	7840000	7850000	9.197909266748162	7845000
chr18	7850000	7860000	10.425643131160145	7855000
chr18	7860000	7870000	19.335153148073914	7865000
chr18	7870000	7880000	9.221546152841015	7875000
chr18	7880000	7890000	9.477164920253975	7885000
chr18	7890000	7900000	12.729482378744807	7895000
chr18	7900000	7910000	19.547045075565876	7905000
chr18	7910000	7920000	15.402401655259744	7915000
chr18	7920000	7930000	15.952028957723826	7925000
chr18	7930000	7940000	19.97929266027482	7935000
chr18	7940000	7950000	7.798995189404242	7945000
chr18	7950000	7960000	7.913708864367081	7955000
chr18	7960000	7970000	10.00176148961251	7965000
chr18	7970000	7980000	7.651985609044378	7975000
chr18	7980000	7990000	20.024507698535587	7985000
chr18	7990000	8000000	14.246672105332634	7995000
chr18	8000000	8010000	21.234260896435515	8005000
chr18	8010000	8020000	12.422048571154372	8015000
chr18	8020000	8030000	13.071122466353978	8025000
chr18	8030000	8040000	17.244967013736808	8035000
chr18	8040000	8050000	19.791782158196245	8045000
chr18	8050000	8060000	26.45380474503299	8055000
chr18	8060000	8070000	13.549061802084111	8065000
chr18	8070000	8080000	13.684622314969292	8075000
chr18	8080000	8090000	6.1862338653220075	8085000
chr18	8090000	8100000	13.388973853745878	8095000
chr18	8100000	8110000	19.284144825815346	8105000
chr18	8110000	8120000	24.23769675175135	8115000
chr18	8120000	8130000	9.918341292815455	8125000
chr18	8130000	8140000	15.345078634316634	8135000
chr18	8140000	8150000	21.131436249812193	8145000
chr18	8150000	8160000	22.218885491728287	8155000
chr18	8160000	8170000	25.86215563970933	8165000
chr18	8170000	8180000	23.324746820406183	8175000
chr18	8180000	8190000	23.896675807605277	8185000
chr18	8190000	8200000	29.349761061480567	8195000
chr18	8200000	8210000	32.36857324401705	8205000
chr18	8210000	8220000	34.326065858319836	8215000
chr18	8220000	8230000	27.614128884655166	8225000
chr18	8230000	8240000	20.966279335391043	8235000
chr18	8240000	8250000	37.73797585853397	8245000
chr18	8250000	8260000	36.051426408634796	8255000
chr18	8260000	8270000	41.57795278687991	8265000
chr18	8270000	8280000	38.010816917018786	8275000
chr18	8280000	8290000	32.838210654223104	8285000
chr18	8290000	8300000	27.95597650868614	8295000
chr18	8300000	8310000	26.762809746176067	8305000
chr18	8310000	8320000	29.00514625423142	8315000
chr18	8320000	8330000	32.47521286414657	8325000
chr18	8330000	8340000	29.13442932032765	8335000
chr18	8340000	8350000	28.691919509764233	8345000
chr18	8350000	8360000	29.785191106835452	8355000
chr18	8360000	8370000	38.14786187130797	8365000
chr18	8370000	8380000	35.35436409817168	8375000
chr18	8380000	8390000	30.98317151280372	8385000
chr18	8390000	8400000	45.5482394074598	8395000
chr18	8400000	8410000	23.367778340519934	8405000
chr18	8410000	8420000	12.261409795214565	8415000
chr18	8420000	8430000	12.582201955344406	8425000
chr18	8430000	8440000	14.290102284549581	8435000
chr18	8440000	8450000	16.19076639494377	8445000
chr18	8450000	8460000	27.745758619300236	8455000
chr18	8460000	8470000	59.045496873020014	8465000
chr18	8470000	8480000	54.96533495287517	8475000
chr18	8480000	8490000	44.36188069541372	8485000
chr18	8490000	8500000	41.91422045466843	8495000
chr18	8500000	8510000	28.136563530058147	8505000
chr18	8510000	8520000	33.59982452989441	8515000
chr18	8520000	8530000	38.47007621446146	8525000
chr18	8530000	8540000	40.192048835058465	8535000
chr18	8540000	8550000	35.81327214422301	8545000
chr18	8550000	8560000	36.891205033960595	8555000
chr18	8560000	8570000	39.841158754154876	8565000
chr18	8570000	8580000	37.18912430012067	8575000
chr18	8580000	8590000	39.29493599471862	8585000
chr18	8590000	8600000	41.88239622684738	8595000
chr18	8600000	8610000	67.28642170449551	8605000
chr18	8610000	8620000	49.88787994845705	8615000
chr18	8620000	8630000	36.9893707722637	8625000
chr18	8630000	8640000	28.5477333136666	8635000
chr18	8640000	8650000	49.733236647081284	8645000
chr18	8650000	8660000	28.175613858667628	8655000
chr18	8660000	8670000	32.67848539703178	8665000
chr18	8670000	8680000	23.67042850487065	8675000
chr18	8680000	8690000	19.34774425909639	8685000
chr18	8690000	8700000	29.87109569280927	8695000
chr18	8700000	8710000	42.1050929766358	8705000
chr18	8710000	8720000	43.23893147438137	8715000
chr18	8720000	8730000	44.063139755427464	8725000
chr18	8730000	8740000	49.57226133347278	8735000
chr18	8740000	8750000	22.756774208214047	8745000
chr18	8750000	8760000	32.01661123597809	8755000
chr18	8760000	8770000	21.64187187094424	8765000
chr18	8770000	8780000	34.02897734120575	8775000
chr18	8780000	8790000	38.376992037777576	8785000
chr18	8790000	8800000	33.17057088758362	8795000
chr18	8800000	8810000	23.085290745178888	8805000
chr18	8810000	8820000	47.95650595745472	8815000
chr18	8820000	8830000	49.30005888628407	8825000
chr18	8830000	8840000	37.19155273566033	8835000
chr18	8840000	8850000	24.19212234993828	8845000
chr18	8850000	8860000	36.348826557381905	8855000
chr18	8860000	8870000	45.065043535233585	8865000
chr18	8870000	8880000	42.48692858508432	8875000
chr18	8880000	8890000	37.12952948620948	8885000
chr18	8890000	8900000	37.298407551504184	8895000
chr18	8900000	8910000	39.435276030212975	8905000
chr18	8910000	8920000	32.0060026722049	8915000
chr18	8920000	8930000	46.34824570773679	8925000
chr18	8930000	8940000	42.90812891178735	8935000
chr18	8940000	8950000	69.62937233087952	8945000
chr18	8950000	8960000	110.71429738376075	8955000
chr18	8960000	8970000	92.29417787317752	8965000
chr18	8970000	8980000	104.37687147861443	8975000
chr18	8980000	8990000	150.19976296761018	8985000
chr18	8990000	9000000	98.04367583135497	8995000
chr18	9000000	9010000	115.47494731109411	9005000
chr18	9010000	9020000	104.42683898615594	9015000
chr18	9020000	9030000	95.44822843266583	9025000
chr18	9030000	9040000	93.81758223887505	9035000
chr18	9040000	9050000	49.97329619511212	9045000
chr18	9050000	9060000	49.7621532263374	9055000
chr18	9060000	9070000	80.6312494799398	9065000
chr18	9070000	9080000	108.71256077344917	9075000
chr18	9080000	9090000	95.12353578690671	9085000
chr18	9090000	9100000	104.49854293636189	9095000
chr18	9100000	9110000	72.15853505124795	9105000
chr18	9110000	9120000	86.75660880188482	9115000
chr18	9120000	9130000	97.52969647230479	9125000
chr18	9130000	9140000	39.16730053176394	9135000
chr18	9140000	9150000	48.49168273345039	9145000
chr18	9150000	9160000	30.01114163835653	9155000
chr18	9160000	9170000	26.70440917598156	9165000
chr18	9170000	9180000	19.482963703678728	9175000
chr18	9180000	9190000	28.149951739732217	9185000
chr18	9190000	9200000	32.013053341302204	9195000
chr18	9200000	9210000	39.38778881221367	9205000
chr18	9210000	9220000	37.748409007646515	9215000
chr18	9220000	9230000	36.082139662002696	9225000
chr18	9230000	9240000	39.18491150907951	9235000
chr18	9240000	9250000	39.66796725315298	9245000
chr18	9250000	9260000	20.937029483820666	9255000
chr18	9260000	9270000	49.742258141461285	9265000
chr18	9270000	9280000	63.088649801424204	9275000
chr18	9280000	9290000	41.84485028369882	9285000
chr18	9290000	9300000	63.054949396723	9295000
chr18	9300000	9310000	55.510408634696915	9305000
chr18	9310000	9320000	53.176060565061555	9315000
chr18	9320000	9330000	32.56487464945865	9325000
chr18	9330000	9340000	31.504308491161492	9335000
chr18	9340000	9350000	24.492548888386064	9345000
chr18	9350000	9360000	35.45772062893197	9355000
chr18	9360000	9370000	35.845696167078316	9365000
chr18	9370000	9380000	28.202095522900102	9375000
chr18	9380000	9390000	31.182421147657703	9385000
chr18	9390000	9400000	24.697073527410524	9395000
chr18	9400000	9410000	29.577769930657663	9405000
chr18	9410000	9420000	29.738912329267723	9415000
chr18	9420000	9430000	30.023376811977794	9425000
chr18	9430000	9440000	32.777430104741505	9435000
chr18	9440000	9450000	34.074995925171	9445000
chr18	9450000	9460000	26.577952967764084	9455000
chr18	9460000	9470000	23.569834856297657	9465000
chr18	9470000	9480000	30.439614260972967	9475000
chr18	9480000	9490000	44.302087620207374	9485000
chr18	9490000	9500000	29.19143695576817	9495000
chr18	9500000	9510000	27.441998908218483	9505000
chr18	9510000	9520000	38.16047834401511	9515000
chr18	9520000	9530000	35.9748273613527	9525000
chr18	9530000	9540000	47.25396764356425	9535000
chr18	9540000	9550000	49.5633578736728	9545000
chr18	9550000	9560000	35.0944918896975	9555000
chr18	9560000	9570000	42.98922774258885	9565000
chr18	9570000	9580000	40.36807155014398	9575000
chr18	9580000	9590000	36.40644992430389	9585000
chr18	9590000	9600000	38.677047718429336	9595000
chr18	9600000	9610000	31.5088516097997	9605000
chr18	9610000	9620000	41.48039546264746	9615000
chr18	9620000	9630000	42.51990282852711	9625000
chr18	9630000	9640000	35.416792136786526	9635000
chr18	9640000	9650000	37.818166109169745	9645000
chr18	9650000	9660000	38.68633329365849	9655000
chr18	9660000	9670000	40.765337837080544	9665000
chr18	9670000	9680000	38.3575735917725	9675000
chr18	9680000	9690000	44.907999817157325	9685000
chr18	9690000	9700000	42.71549703400894	9695000
chr18	9700000	9710000	38.688268985822894	9705000
chr18	9710000	9720000	40.60732148572846	9715000
chr18	9720000	9730000	27.469725730080093	9725000
chr18	9730000	9740000	34.53750121415133	9735000
chr18	9740000	9750000	35.39167868629481	9745000
chr18	9750000	9760000	35.23728802794543	9755000
chr18	9760000	9770000	38.05986515131706	9765000
chr18	9770000	9780000	29.481368807098885	9775000
chr18	9780000	9790000	17.689336364991718	9785000
chr18	9790000	9800000	24.813845684020517	9795000
chr18	9800000	9810000	39.228638884755284	9805000
chr18	9810000	9820000	50.16458896393937	9815000
chr18	9820000	9830000	43.43873055253175	9825000
chr18	9830000	9840000	49.78961256153311	9835000
chr18	9840000	9850000	45.55691778917231	9845000
chr18	9850000	9860000	36.1520690860131	9855000
chr18	9860000	9870000	38.768175600382385	9865000
chr18	9870000	9880000	52.458000228860804	9875000
chr18	9880000	9890000	51.53514526173373	9885000
chr18	9890000	9900000	49.38714964363224	9895000
chr18	9900000	9910000	54.1854175981247	9905000
chr18	9910000	9920000	70.53321292023969	9915000
chr18	9920000	9930000	70.5332129202397	9925000
chr18	9930000	9940000	70.53321292023993	9935000
chr18	9940000	9950000	70.53321292023959	9945000
chr18	9950000	9960000	70.53321292023979	9955000
chr18	9960000	9970000	70.5332129202398	9965000
chr18	9970000	9980000	70.53321292023966	9975000
chr18	9980000	9990000	77.32769718391329	9985000
chr18	9990000	10000000	57.80229677358274	9995000
chr18	10000000	10010000	34.478283182002855	10005000
chr18	10010000	10020000	35.35649055464843	10015000
chr18	10020000	10030000	45.99921761243356	10025000
chr18	10030000	10040000	29.94637701064735	10035000
chr18	10040000	10050000	47.241401308041716	10045000
chr18	10050000	10060000	100.46763828018042	10055000
chr18	10060000	10070000	99.36235256447435	10065000
chr18	10070000	10080000	64.68667960299294	10075000
chr18	10080000	10090000	78.75773378389785	10085000
chr18	10090000	10100000	43.99712239303863	10095000
chr18	10100000	10110000	35.40003293901363	10105000
chr18	10110000	10120000	31.06188558195333	10115000
chr18	10120000	10130000	35.724560328971094	10125000
chr18	10130000	10140000	52.83472449035882	10135000
chr18	10140000	10150000	57.12506497380095	10145000
chr18	10150000	10160000	60.2383543298834	10155000
chr18	10160000	10170000	60.51103179083513	10165000
chr18	10170000	10180000	59.59407111436892	10175000
chr18	10180000	10190000	63.911132665530666	10185000
chr18	10190000	10200000	68.3483480063525	10195000
chr18	10200000	10210000	60.10780953009649	10205000
chr18	10210000	10220000	61.85760685846485	10215000
chr18	10220000	10230000	59.5065595585069	10225000
chr18	10230000	10240000	65.09421455318687	10235000
chr18	10240000	10250000	98.80482247154615	10245000
chr18	10250000	10260000	63.21526089672412	10255000
chr18	10260000	10270000	74.66176187137988	10265000
chr18	10270000	10280000	35.27807756396821	10275000
chr18	10280000	10290000	32.11830279301361	10285000
chr18	10290000	10300000	35.92895062819544	10295000
chr18	10300000	10310000	36.41306627415384	10305000
chr18	10310000	10320000	38.4436744705803	10315000
chr18	10320000	10330000	48.330616149800555	10325000
chr18	10330000	10340000	75.81839767467748	10335000
chr18	10340000	10350000	64.50576384742078	10345000
chr18	10350000	10360000	56.33152875519145	10355000
chr18	10360000	10370000	96.98143652000255	10365000
chr18	10370000	10380000	70.57376209554073	10375000
chr18	10380000	10390000	81.14209283512817	10385000
chr18	10390000	10400000	104.95715291169586	10395000
chr18	10400000	10410000	97.2179759226464	10405000
chr18	10410000	10420000	100.35565479848175	10415000
chr18	10420000	10430000	63.879954836163776	10425000
chr18	10430000	10440000	48.63729256005814	10435000
chr18	10440000	10450000	40.802220288116985	10445000
chr18	10450000	10460000	35.12500701250544	10455000
chr18	10460000	10470000	35.66041807385775	10465000
chr18	10470000	10480000	44.139286697582534	10475000
chr18	10480000	10490000	77.37663449743101	10485000
chr18	10490000	10500000	28.927859057694356	10495000
chr18	10500000	10510000	24.711621689560804	10505000
chr18	10510000	10520000	27.870580657293416	10515000
chr18	10520000	10530000	25.460058244332625	10525000
chr18	10530000	10540000	25.862789896929293	10535000
chr18	10540000	10550000	27.097179617789358	10545000
chr18	10550000	10560000	29.587525495168823	10555000
chr18	10560000	10570000	28.5258060292424	10565000
chr18	10570000	10580000	36.30745951100921	10575000
chr18	10580000	10590000	61.90116687679243	10585000
chr18	10590000	10600000	59.86964452222597	10595000
chr18	10600000	10610000	61.36253965026409	10605000
chr18	10610000	10620000	61.0733737595416	10615000
chr18	10620000	10630000	65.25390484215029	10625000
chr18	10630000	10640000	108.68934009619268	10635000
chr18	10640000	10650000	76.9447749787064	10645000
chr18	10650000	10660000	86.90161903255184	10655000
chr18	10660000	10670000	79.87292665517828	10665000
chr18	10670000	10680000	77.98638012366777	10675000
chr18	10680000	10690000	81.87823550882953	10685000
chr18	10690000	10700000	99.07424256031746	10695000
chr18	10700000	10710000	89.67247473099886	10705000
chr18	10710000	10720000	90.11321232767577	10715000
chr18	10720000	10730000	88.17841725425113	10725000
chr18	10730000	10740000	135.4368329207875	10735000
chr18	10740000	10750000	134.4317740584403	10745000
chr18	10750000	10760000	146.06026262818102	10755000
chr18	10760000	10770000	156.62146094580382	10765000
chr18	10770000	10780000	145.30173293875626	10775000
chr18	10780000	10790000	154.09516339229862	10785000
chr18	10790000	10800000	157.59883039909602	10795000
chr18	10800000	10810000	149.3210413655242	10805000
chr18	10810000	10820000	116.94237636288949	10815000
chr18	10820000	10830000	108.9673618964656	10825000
chr18	10830000	10840000	95.75416546327136	10835000
chr18	10840000	10850000	109.16284568291564	10845000
chr18	10850000	10860000	101.92413527912744	10855000
chr18	10860000	10870000	106.45061786042426	10865000
chr18	10870000	10880000	85.49777362427272	10875000
chr18	10880000	10890000	72.44025079993803	10885000
chr18	10890000	10900000	47.334900746481765	10895000
chr18	10900000	10910000	43.74750643191357	10905000
chr18	10910000	10920000	42.88625234843844	10915000
chr18	10920000	10930000	43.43946226070477	10925000
chr18	10930000	10940000	41.40829772021683	10935000
chr18	10940000	10950000	41.02631069653654	10945000
chr18	10950000	10960000	42.57905663002894	10955000
chr18	10960000	10970000	42.19145318255802	10965000
chr18	10970000	10980000	42.053548829720846	10975000
chr18	10980000	10990000	37.73518945450475	10985000
chr18	10990000	11000000	15.035024224891508	10995000
chr18	11000000	11010000	13.594018780420816	11005000
chr18	11010000	11020000	14.077345621705806	11015000
chr18	11020000	11030000	9.240523909171568	11025000
chr18	11030000	11040000	16.892511673723426	11035000
chr18	11040000	11050000	22.15120819263526	11045000
chr18	11050000	11060000	25.03922161632059	11055000
chr18	11060000	11070000	69.96231529845845	11065000
chr18	11070000	11080000	18.389843779057426	11075000
chr18	11080000	11090000	37.34724414144493	11085000
chr18	11090000	11100000	32.087108398788146	11095000
chr18	11100000	11110000	25.955503312958626	11105000
chr18	11110000	11120000	34.826663274407515	11115000
chr18	11120000	11130000	61.752623031286355	11125000
chr18	11130000	11140000	70.88763730309957	11135000
chr18	11140000	11150000	53.01306089408093	11145000
chr18	11150000	11160000	58.48957368821581	11155000
chr18	11160000	11170000	82.15241166011995	11165000
chr18	11170000	11180000	63.20683862932186	11175000
chr18	11180000	11190000	61.51521446817602	11185000
chr18	11190000	11200000	52.96119152955369	11195000
chr18	11200000	11210000	48.04613612713851	11205000
chr18	11210000	11220000	53.56252907534497	11215000
chr18	11220000	11230000	53.296428322431936	11225000
chr18	11230000	11240000	60.555292255875095	11235000
chr18	11240000	11250000	49.29322489543559	11245000
chr18	11250000	11260000	43.54251559335985	11255000
chr18	11260000	11270000	48.729754358134365	11265000
chr18	11270000	11280000	47.25670452927263	11275000
chr18	11280000	11290000	50.44891402397774	11285000
chr18	11290000	11300000	50.27111703282679	11295000
chr18	11300000	11310000	49.71222629168513	11305000
chr18	11310000	11320000	50.49084581874191	11315000
chr18	11320000	11330000	69.45478587568874	11325000
chr18	11330000	11340000	41.940945514424854	11335000
chr18	11340000	11350000	52.781013284702134	11345000
chr18	11350000	11360000	49.39581907393542	11355000
chr18	11360000	11370000	48.247274779898284	11365000
chr18	11370000	11380000	66.62610927136134	11375000
chr18	11380000	11390000	42.058141524786	11385000
chr18	11390000	11400000	25.210156212944113	11395000
chr18	11400000	11410000	25.831074716437314	11405000
chr18	11410000	11420000	26.365856712036663	11415000
chr18	11420000	11430000	20.754809581961688	11425000
chr18	11430000	11440000	27.069701589319912	11435000
chr18	11440000	11450000	24.628552598705102	11445000
chr18	11450000	11460000	25.848437667184804	11455000
chr18	11460000	11470000	22.87516258830955	11465000
chr18	11470000	11480000	26.806073647680293	11475000
chr18	11480000	11490000	23.044762634790107	11485000
chr18	11490000	11500000	22.28986899029263	11495000
chr18	11500000	11510000	21.690966606121254	11505000
chr18	11510000	11520000	22.773073616537978	11515000
chr18	11520000	11530000	23.730622435426792	11525000
chr18	11530000	11540000	22.25983986187406	11535000
chr18	11540000	11550000	27.233704466717988	11545000
chr18	11550000	11560000	23.842914621040535	11555000
chr18	11560000	11570000	25.71723562836701	11565000
chr18	11570000	11580000	56.50848187262684	11575000
chr18	11580000	11590000	68.81369787014582	11585000
chr18	11590000	11600000	35.743934001147686	11595000
chr18	11600000	11610000	16.700576014758568	11605000
chr18	11610000	11620000	26.27700903376832	11615000
chr18	11620000	11630000	20.269247705559227	11625000
chr18	11630000	11640000	20.57063820383242	11635000
chr18	11640000	11650000	26.092145338010464	11645000
chr18	11650000	11660000	27.11908551333592	11655000
chr18	11660000	11670000	27.885935820476682	11665000
chr18	11670000	11680000	28.871545872258448	11675000
chr18	11680000	11690000	28.20309921156802	11685000
chr18	11690000	11700000	27.15675574613592	11695000
chr18	11700000	11710000	28.189268274378062	11705000
chr18	11710000	11720000	29.463310591972096	11715000
chr18	11720000	11730000	31.72873026189325	11725000
chr18	11730000	11740000	38.54123413873565	11735000
chr18	11740000	11750000	30.241781261277932	11745000
chr18	11750000	11760000	28.118444724375628	11755000
chr18	11760000	11770000	26.854557452986896	11765000
chr18	11770000	11780000	19.429611800470735	11775000
chr18	11780000	11790000	14.85619708181823	11785000
chr18	11790000	11800000	11.95015476064906	11795000
chr18	11800000	11810000	11.76265941019435	11805000
chr18	11810000	11820000	9.331206397558123	11815000
chr18	11820000	11830000	14.92058575301957	11825000
chr18	11830000	11840000	4.846716385016314	11835000
chr18	11840000	11850000	6.912505267954468	11845000
chr18	11850000	11860000	3.353764176448804	11855000
chr18	11860000	11870000	1.3864363909097228	11865000
chr18	11870000	11880000	0.9326550391128333	11875000
chr18	11880000	11890000	0.8063618430077507	11885000
chr18	11890000	11900000	0.497910837504588	11895000
chr18	11900000	11910000	0.41123141647147804	11905000
chr18	11910000	11920000	0.29312718564951884	11915000
chr18	11920000	11930000	0.17710174357919697	11925000
chr18	11930000	11940000	0.3061987416599501	11935000
chr18	11940000	11950000	0.3614423286686616	11945000
chr18	11950000	11960000	0.3614423286686616	11955000
chr18	11960000	11970000	0.3614423286686609	11965000
chr18	11970000	11980000	0.8542703132415717	11975000
chr18	11980000	11990000	3.359109589292113	11985000
chr18	11990000	12000000	53.542784162928186	11995000
