chrom	start	end	cM/Mb	midpoint
chr14	0	10000	18.13190240583375	5000
chr14	10000	20000	2.4910320615118238	15000
chr14	20000	30000	4.027030091834743	25000
chr14	30000	40000	2.987502319469379	35000
chr14	40000	50000	2.5453875073477987	45000
chr14	50000	60000	0.13500995598597443	55000
chr14	60000	70000	2.932800941997107	65000
chr14	70000	80000	45.30951666264655	75000
chr14	80000	90000	0.4951023882284473	85000
chr14	90000	100000	18.767087650486104	95000
chr14	100000	110000	5.500677450901937	105000
chr14	110000	120000	0.2633839253117982	115000
chr14	120000	130000	0.13752379208579218	125000
chr14	130000	140000	0.0761871382354135	135000
chr14	140000	150000	0.03227804617814495	145000
chr14	150000	160000	0.08309530420002546	155000
chr14	160000	170000	0.07191947692534374	165000
chr14	170000	180000	0.21479739628912392	175000
chr14	180000	190000	0.3381662984723826	185000
chr14	190000	200000	0.05734489706047294	195000
chr14	200000	210000	0.05930669264031969	205000
chr14	210000	220000	0.07091296670764666	215000
chr14	220000	230000	0.20562698185926154	225000
chr14	230000	240000	0.6694473551875167	235000
chr14	240000	250000	0.08042198279337864	245000
chr14	250000	260000	0.1357191626861138	255000
chr14	260000	270000	0.24528971676847475	265000
chr14	270000	280000	0.21521438272402627	275000
chr14	280000	290000	0.46044746071210135	285000
chr14	290000	300000	0.48554689389249056	295000
chr14	300000	310000	0.35236289235669277	305000
chr14	310000	320000	0.13491001539128178	315000
chr14	320000	330000	0.3072626332274202	325000
chr14	330000	340000	9.027217012488867	335000
chr14	340000	350000	2.044863131201809	345000
chr14	350000	360000	0.4228595547064996	355000
chr14	360000	370000	0.5168034571535859	365000
chr14	370000	380000	0.5946265167487483	375000
chr14	380000	390000	0.32498242121785936	385000
chr14	390000	400000	0.32498242121785925	395000
chr14	400000	410000	0.46007244157285854	405000
chr14	410000	420000	1.6687520842276364	415000
chr14	420000	430000	0.6073247852249841	425000
chr14	430000	440000	2.0303443825996768	435000
chr14	440000	450000	1.0551659636815307	445000
chr14	450000	460000	0.934367923931667	455000
chr14	460000	470000	0.9343679239316668	465000
chr14	470000	480000	1.2500161149602347	475000
chr14	480000	490000	2.3157778711768353	485000
chr14	490000	500000	3.4205494905551963	495000
chr14	500000	510000	2.403609915246283	505000
chr14	510000	520000	3.1755764745564132	515000
chr14	520000	530000	3.050201320579212	525000
chr14	530000	540000	3.8045504219666935	535000
chr14	540000	550000	4.596054808688349	545000
chr14	550000	560000	4.15283490931564	555000
chr14	560000	570000	3.9036739758279566	565000
chr14	570000	580000	2.6453208651251354	575000
chr14	580000	590000	4.02842577967133	585000
chr14	590000	600000	1.2199089888141057	595000
chr14	600000	610000	4.435652980962279	605000
chr14	610000	620000	1.4510033451444133	615000
chr14	620000	630000	2.6190261213471038	625000
chr14	630000	640000	1.0634482815026083	635000
chr14	640000	650000	0.8618173779956326	645000
chr14	650000	660000	0.8516230946037208	655000
chr14	660000	670000	1.0275247341793057	665000
chr14	670000	680000	0.8804531703970024	675000
chr14	680000	690000	1.1626369939788301	685000
chr14	690000	700000	1.298897072850995	695000
chr14	700000	710000	1.9769564326177083	705000
chr14	710000	720000	4.710412371941012	715000
chr14	720000	730000	3.2199054416022124	725000
chr14	730000	740000	6.8331839668002745	735000
chr14	740000	750000	6.545636603138125	745000
chr14	750000	760000	3.6399564911696456	755000
chr14	760000	770000	3.296272444217931	765000
chr14	770000	780000	7.739063395633469	775000
chr14	780000	790000	4.263370723774495	785000
chr14	790000	800000	2.9456301446957656	795000
chr14	800000	810000	4.265430418810762	805000
chr14	810000	820000	5.482491529961264	815000
chr14	820000	830000	4.41997564109751	825000
chr14	830000	840000	6.674586542550293	835000
chr14	840000	850000	4.54083224127652	845000
chr14	850000	860000	7.516397264449718	855000
chr14	860000	870000	7.0865597194276155	865000
chr14	870000	880000	6.912515647165004	875000
chr14	880000	890000	9.301736782905108	885000
chr14	890000	900000	7.044025859404767	895000
chr14	900000	910000	9.704521413291804	905000
chr14	910000	920000	20.89835564130206	915000
chr14	920000	930000	3.87575921474949	925000
chr14	930000	940000	3.6525604538269913	935000
chr14	940000	950000	5.274157680449513	945000
chr14	950000	960000	4.815517751699653	955000
chr14	960000	970000	5.877020329789232	965000
chr14	970000	980000	10.37902551783426	975000
chr14	980000	990000	7.403989310774455	985000
chr14	990000	1000000	6.249081343516353	995000
chr14	1000000	1010000	9.094707295133645	1005000
chr14	1010000	1020000	4.68622070017757	1015000
chr14	1020000	1030000	9.023743794284346	1025000
chr14	1030000	1040000	9.268660282210893	1035000
chr14	1040000	1050000	16.355859912698623	1045000
chr14	1050000	1060000	13.831226269958691	1055000
chr14	1060000	1070000	22.822505114904782	1065000
chr14	1070000	1080000	14.015015334991459	1075000
chr14	1080000	1090000	29.372835355334203	1085000
chr14	1090000	1100000	25.852724757397763	1095000
chr14	1100000	1110000	30.409235392606323	1105000
chr14	1110000	1120000	21.45010363100564	1115000
chr14	1120000	1130000	12.249589063817295	1125000
chr14	1130000	1140000	5.151505126048096	1135000
chr14	1140000	1150000	5.059933847751876	1145000
chr14	1150000	1160000	4.451763468050859	1155000
chr14	1160000	1170000	4.928007959800976	1165000
chr14	1170000	1180000	4.738056716212131	1175000
chr14	1180000	1190000	8.191256002817534	1185000
chr14	1190000	1200000	8.574228355076457	1195000
chr14	1200000	1210000	8.67450923580789	1205000
chr14	1210000	1220000	7.624069008211809	1215000
chr14	1220000	1230000	10.959961867419953	1225000
chr14	1230000	1240000	9.945477925324175	1235000
chr14	1240000	1250000	8.040390812340743	1245000
chr14	1250000	1260000	9.622162735773939	1255000
chr14	1260000	1270000	21.3924480990421	1265000
chr14	1270000	1280000	16.784859220605295	1275000
chr14	1280000	1290000	19.263449079937327	1285000
chr14	1290000	1300000	13.386551124145042	1295000
chr14	1300000	1310000	11.285172887223798	1305000
chr14	1310000	1320000	13.334221431625824	1315000
chr14	1320000	1330000	10.802344504408541	1325000
chr14	1330000	1340000	15.781749128854955	1335000
chr14	1340000	1350000	11.458412982122352	1345000
chr14	1350000	1360000	7.366318536062552	1355000
chr14	1360000	1370000	8.811507449749273	1365000
chr14	1370000	1380000	19.172336163068895	1375000
chr14	1380000	1390000	7.404273327173019	1385000
chr14	1390000	1400000	5.6127392820606214	1395000
chr14	1400000	1410000	10.090277382895428	1405000
chr14	1410000	1420000	17.2007888638891	1415000
chr14	1420000	1430000	25.562142522568937	1425000
chr14	1430000	1440000	15.492844919609498	1435000
chr14	1440000	1450000	20.06520108434755	1445000
chr14	1450000	1460000	24.695579463818518	1455000
chr14	1460000	1470000	30.797786784638276	1465000
chr14	1470000	1480000	18.734805317419585	1475000
chr14	1480000	1490000	20.702159411614232	1485000
chr14	1490000	1500000	17.511939923349715	1495000
chr14	1500000	1510000	31.72455876665588	1505000
chr14	1510000	1520000	28.283811091624607	1515000
chr14	1520000	1530000	16.301128185707807	1525000
chr14	1530000	1540000	17.725372183535168	1535000
chr14	1540000	1550000	24.595570515210884	1545000
chr14	1550000	1560000	28.61118578578986	1555000
chr14	1560000	1570000	32.71229279443092	1565000
chr14	1570000	1580000	25.966610471036173	1575000
chr14	1580000	1590000	31.63738452997993	1585000
chr14	1590000	1600000	28.737703362066554	1595000
chr14	1600000	1610000	21.310698557768767	1605000
chr14	1610000	1620000	23.28322360044977	1615000
chr14	1620000	1630000	18.287618581878657	1625000
chr14	1630000	1640000	21.778723012922026	1635000
chr14	1640000	1650000	17.51212322223957	1645000
chr14	1650000	1660000	18.180986433928734	1655000
chr14	1660000	1670000	19.264124449728573	1665000
chr14	1670000	1680000	17.424585027820275	1675000
chr14	1680000	1690000	23.380281872889597	1685000
chr14	1690000	1700000	14.778752703816664	1695000
chr14	1700000	1710000	19.874903681676876	1705000
chr14	1710000	1720000	19.305180501456068	1715000
chr14	1720000	1730000	31.869927622998038	1725000
chr14	1730000	1740000	28.680167640896943	1735000
chr14	1740000	1750000	38.66127051320831	1745000
chr14	1750000	1760000	33.012415579570416	1755000
chr14	1760000	1770000	25.219316656314344	1765000
chr14	1770000	1780000	16.183643290901845	1775000
chr14	1780000	1790000	19.69464105311824	1785000
chr14	1790000	1800000	18.008870134293822	1795000
chr14	1800000	1810000	14.541972422496173	1805000
chr14	1810000	1820000	12.132287828526913	1815000
chr14	1820000	1830000	8.753391536259038	1825000
chr14	1830000	1840000	7.963064118826295	1835000
chr14	1840000	1850000	4.922487843573822	1845000
chr14	1850000	1860000	11.224049373387121	1855000
chr14	1860000	1870000	12.031698945992744	1865000
chr14	1870000	1880000	18.61794061589352	1875000
chr14	1880000	1890000	29.277894198919725	1885000
chr14	1890000	1900000	20.840469944614963	1895000
chr14	1900000	1910000	17.25231240847144	1905000
chr14	1910000	1920000	19.745188870395232	1915000
chr14	1920000	1930000	18.28723930499765	1925000
chr14	1930000	1940000	23.905595478347024	1935000
chr14	1940000	1950000	21.23075354365104	1945000
chr14	1950000	1960000	31.245864695028203	1955000
chr14	1960000	1970000	32.44965992696241	1965000
chr14	1970000	1980000	40.88477020687158	1975000
chr14	1980000	1990000	27.838781865935825	1985000
chr14	1990000	2000000	15.055865977144888	1995000
chr14	2000000	2010000	9.017669157196496	2005000
chr14	2010000	2020000	17.542414827560787	2015000
chr14	2020000	2030000	18.08779412133016	2025000
chr14	2030000	2040000	32.71151246026965	2035000
chr14	2040000	2050000	31.78229241577786	2045000
chr14	2050000	2060000	33.593662788827835	2055000
chr14	2060000	2070000	24.043530424853675	2065000
chr14	2070000	2080000	20.75116236711219	2075000
chr14	2080000	2090000	14.538842971851588	2085000
chr14	2090000	2100000	9.430267407478574	2095000
chr14	2100000	2110000	4.6852892709432625	2105000
chr14	2110000	2120000	2.3686144819351402	2115000
chr14	2120000	2130000	10.86446286034487	2125000
chr14	2130000	2140000	37.54947263864468	2135000
chr14	2140000	2150000	26.451911452173285	2145000
chr14	2150000	2160000	60.73986078085287	2155000
chr14	2160000	2170000	52.86630897428922	2165000
chr14	2170000	2180000	20.300180899965785	2175000
chr14	2180000	2190000	28.96783388340757	2185000
chr14	2190000	2200000	30.750332172793744	2195000
chr14	2200000	2210000	46.429821834083214	2205000
chr14	2210000	2220000	38.44000099901216	2215000
chr14	2220000	2230000	35.64572424386621	2225000
chr14	2230000	2240000	38.20495904395457	2235000
chr14	2240000	2250000	42.33510917631824	2245000
chr14	2250000	2260000	28.242119730401953	2255000
chr14	2260000	2270000	26.556553370669562	2265000
chr14	2270000	2280000	38.22335187340966	2275000
chr14	2280000	2290000	17.77692339338126	2285000
chr14	2290000	2300000	54.146929502616274	2295000
chr14	2300000	2310000	33.61126209962157	2305000
chr14	2310000	2320000	31.501870307414286	2315000
chr14	2320000	2330000	20.111840664745774	2325000
chr14	2330000	2340000	24.26378761499869	2335000
chr14	2340000	2350000	22.491909938842934	2345000
chr14	2350000	2360000	17.120538805519832	2355000
chr14	2360000	2370000	23.418616586105813	2365000
chr14	2370000	2380000	9.024025955624522	2375000
chr14	2380000	2390000	13.151808785504304	2385000
chr14	2390000	2400000	7.703235496436924	2395000
chr14	2400000	2410000	3.2447969271189514	2405000
chr14	2410000	2420000	4.3864394038983345	2415000
chr14	2420000	2430000	6.0065888834979955	2425000
chr14	2430000	2440000	9.48831932971964	2435000
chr14	2440000	2450000	9.792118377758817	2445000
chr14	2450000	2460000	11.995618998554072	2455000
chr14	2460000	2470000	9.842759842043707	2465000
chr14	2470000	2480000	8.325714938645858	2475000
chr14	2480000	2490000	11.259547039763246	2485000
chr14	2490000	2500000	11.170227513673513	2495000
chr14	2500000	2510000	7.9557714582713555	2505000
chr14	2510000	2520000	8.972589900285707	2515000
chr14	2520000	2530000	7.566845648325781	2525000
chr14	2530000	2540000	3.8566236145430675	2535000
chr14	2540000	2550000	15.9751456612553	2545000
chr14	2550000	2560000	8.974817726912603	2555000
chr14	2560000	2570000	10.943211245038405	2565000
chr14	2570000	2580000	8.122286031559	2575000
chr14	2580000	2590000	18.699542979721656	2585000
chr14	2590000	2600000	10.216577057133827	2595000
chr14	2600000	2610000	6.32063004054494	2605000
chr14	2610000	2620000	2.372787894994596	2615000
chr14	2620000	2630000	17.77469609216968	2625000
chr14	2630000	2640000	22.239250719669954	2635000
chr14	2640000	2650000	36.87500758914537	2645000
chr14	2650000	2660000	45.41231373582198	2655000
chr14	2660000	2670000	18.134349360875554	2665000
chr14	2670000	2680000	15.63759181373353	2675000
chr14	2680000	2690000	9.09718692341002	2685000
chr14	2690000	2700000	10.854132677415066	2695000
chr14	2700000	2710000	1.9230576298458515	2705000
chr14	2710000	2720000	1.873390436166348	2715000
chr14	2720000	2730000	10.624917702047242	2725000
chr14	2730000	2740000	20.84041560309083	2735000
chr14	2740000	2750000	23.049459630007597	2745000
chr14	2750000	2760000	22.108623695411325	2755000
chr14	2760000	2770000	15.282933573921186	2765000
chr14	2770000	2780000	18.7388554127604	2775000
chr14	2780000	2790000	14.936202133282281	2785000
chr14	2790000	2800000	14.473528756640624	2795000
chr14	2800000	2810000	7.895818001615596	2805000
chr14	2810000	2820000	2.5308338200907823	2815000
chr14	2820000	2830000	19.78525085443128	2825000
chr14	2830000	2840000	18.090755515813424	2835000
chr14	2840000	2850000	16.70211077927532	2845000
chr14	2850000	2860000	10.48770949296191	2855000
chr14	2860000	2870000	9.333556168845789	2865000
chr14	2870000	2880000	11.916742926266256	2875000
chr14	2880000	2890000	6.655740250293582	2885000
chr14	2890000	2900000	15.509980250660831	2895000
chr14	2900000	2910000	13.401817587231317	2905000
chr14	2910000	2920000	7.979429751554085	2915000
chr14	2920000	2930000	7.743053647728404	2925000
chr14	2930000	2940000	7.8941442293430555	2935000
chr14	2940000	2950000	11.48260976975337	2945000
chr14	2950000	2960000	13.810921048547893	2955000
chr14	2960000	2970000	12.100590310329085	2965000
chr14	2970000	2980000	14.198458514276162	2975000
chr14	2980000	2990000	9.4714256227644	2985000
chr14	2990000	3000000	15.092739720678702	2995000
chr14	3000000	3010000	17.02882270393974	3005000
chr14	3010000	3020000	21.70525859620175	3015000
chr14	3020000	3030000	22.10734166318729	3025000
chr14	3030000	3040000	19.96584878446236	3035000
chr14	3040000	3050000	15.285139042393366	3045000
chr14	3050000	3060000	18.563576902366208	3055000
chr14	3060000	3070000	25.897881751952372	3065000
chr14	3070000	3080000	21.829841186089503	3075000
chr14	3080000	3090000	36.076383503182996	3085000
chr14	3090000	3100000	42.60485415633698	3095000
chr14	3100000	3110000	23.239232682538447	3105000
chr14	3110000	3120000	18.528134214263897	3115000
chr14	3120000	3130000	26.01397982687982	3125000
chr14	3130000	3140000	27.212281815908717	3135000
chr14	3140000	3150000	30.979728337891892	3145000
chr14	3150000	3160000	46.56066007869508	3155000
chr14	3160000	3170000	50.381710404181646	3165000
chr14	3170000	3180000	36.71610592071593	3175000
chr14	3180000	3190000	33.3754634700283	3185000
chr14	3190000	3200000	17.228121986118627	3195000
chr14	3200000	3210000	12.112585799197486	3205000
chr14	3210000	3220000	25.387130067485433	3215000
chr14	3220000	3230000	24.373459454883665	3225000
chr14	3230000	3240000	22.276049919928795	3235000
chr14	3240000	3250000	12.20953827777504	3245000
chr14	3250000	3260000	25.502215036435242	3255000
chr14	3260000	3270000	44.48701267041687	3265000
chr14	3270000	3280000	26.249511026863843	3275000
chr14	3280000	3290000	34.41113434443945	3285000
chr14	3290000	3300000	21.991827622123157	3295000
chr14	3300000	3310000	27.514037210648816	3305000
chr14	3310000	3320000	30.89681060278299	3315000
chr14	3320000	3330000	26.309163338437752	3325000
chr14	3330000	3340000	34.6562966136508	3335000
chr14	3340000	3350000	25.405359771042747	3345000
chr14	3350000	3360000	23.037405625474957	3355000
chr14	3360000	3370000	17.52990528044594	3365000
chr14	3370000	3380000	12.919796520295389	3375000
chr14	3380000	3390000	14.107695716306402	3385000
chr14	3390000	3400000	27.237798746000863	3395000
chr14	3400000	3410000	24.676517705639494	3405000
chr14	3410000	3420000	29.041448002663422	3415000
chr14	3420000	3430000	19.421613717426542	3425000
chr14	3430000	3440000	16.70325854155126	3435000
chr14	3440000	3450000	24.074041114601364	3445000
chr14	3450000	3460000	25.19298203124704	3455000
chr14	3460000	3470000	25.331041933836374	3465000
chr14	3470000	3480000	17.881578693956953	3475000
chr14	3480000	3490000	21.008102271947095	3485000
chr14	3490000	3500000	26.281525048006376	3495000
chr14	3500000	3510000	33.273836009058805	3505000
chr14	3510000	3520000	38.227258629992306	3515000
chr14	3520000	3530000	43.25313990881836	3525000
chr14	3530000	3540000	41.41687659146838	3535000
chr14	3540000	3550000	42.610830630958844	3545000
chr14	3550000	3560000	44.15367018909497	3555000
chr14	3560000	3570000	28.54246850326639	3565000
chr14	3570000	3580000	30.281200014804107	3575000
chr14	3580000	3590000	19.560845617305517	3585000
chr14	3590000	3600000	9.052791709702891	3595000
chr14	3600000	3610000	17.11517343180471	3605000
chr14	3610000	3620000	29.660996364893503	3615000
chr14	3620000	3630000	30.63974854287605	3625000
chr14	3630000	3640000	27.17566153816466	3635000
chr14	3640000	3650000	29.72962448511998	3645000
chr14	3650000	3660000	34.14885845111027	3655000
chr14	3660000	3670000	12.866260453398054	3665000
chr14	3670000	3680000	9.353463293700797	3675000
chr14	3680000	3690000	10.880403083317043	3685000
chr14	3690000	3700000	10.341273774163682	3695000
chr14	3700000	3710000	17.848357407955422	3705000
chr14	3710000	3720000	12.833896811636864	3715000
chr14	3720000	3730000	26.2281564890087	3725000
chr14	3730000	3740000	14.348332712024343	3735000
chr14	3740000	3750000	20.55511701935925	3745000
chr14	3750000	3760000	11.081954958018212	3755000
chr14	3760000	3770000	7.529836063430864	3765000
chr14	3770000	3780000	6.722676777641339	3775000
chr14	3780000	3790000	9.088675531145924	3785000
chr14	3790000	3800000	4.554539569855685	3795000
chr14	3800000	3810000	4.177338846296647	3805000
chr14	3810000	3820000	5.178028928070002	3815000
chr14	3820000	3830000	4.371586709893474	3825000
chr14	3830000	3840000	12.584655853342248	3835000
chr14	3840000	3850000	5.331098162962245	3845000
chr14	3850000	3860000	5.791836648327667	3855000
chr14	3860000	3870000	16.54800214235785	3865000
chr14	3870000	3880000	18.82464608709661	3875000
chr14	3880000	3890000	15.31981152631272	3885000
chr14	3890000	3900000	14.12079602012483	3895000
chr14	3900000	3910000	22.394328398995416	3905000
chr14	3910000	3920000	17.043444508156423	3915000
chr14	3920000	3930000	13.16526417919942	3925000
chr14	3930000	3940000	22.85960218760882	3935000
chr14	3940000	3950000	19.08954677617829	3945000
chr14	3950000	3960000	22.75977560136331	3955000
chr14	3960000	3970000	14.655939051427044	3965000
chr14	3970000	3980000	22.447507626175863	3975000
chr14	3980000	3990000	13.928135143808744	3985000
chr14	3990000	4000000	14.362890666405459	3995000
chr14	4000000	4010000	20.280845874252677	4005000
chr14	4010000	4020000	17.95693699550244	4015000
chr14	4020000	4030000	24.802786475946366	4025000
chr14	4030000	4040000	9.671994459704765	4035000
chr14	4040000	4050000	8.09942440056305	4045000
chr14	4050000	4060000	27.767500901266256	4055000
chr14	4060000	4070000	13.603807958304946	4065000
chr14	4070000	4080000	9.771144388877222	4075000
chr14	4080000	4090000	14.329865255703016	4085000
chr14	4090000	4100000	21.704327188226348	4095000
chr14	4100000	4110000	22.26806110463822	4105000
chr14	4110000	4120000	34.27988451933732	4115000
chr14	4120000	4130000	23.224207093434554	4125000
chr14	4130000	4140000	16.47642138250544	4135000
chr14	4140000	4150000	16.570267623111985	4145000
chr14	4150000	4160000	15.83578884020413	4155000
chr14	4160000	4170000	23.617833052927597	4165000
chr14	4170000	4180000	19.73126845141733	4175000
chr14	4180000	4190000	29.45690349476237	4185000
chr14	4190000	4200000	23.02225939198785	4195000
chr14	4200000	4210000	25.655291072463477	4205000
chr14	4210000	4220000	22.846195303518403	4215000
chr14	4220000	4230000	23.352024815495025	4225000
chr14	4230000	4240000	22.593965354727192	4235000
chr14	4240000	4250000	21.816201402578983	4245000
chr14	4250000	4260000	21.91793287954337	4255000
chr14	4260000	4270000	20.02611141448186	4265000
chr14	4270000	4280000	20.46712133523588	4275000
chr14	4280000	4290000	29.442566129936743	4285000
chr14	4290000	4300000	16.371993201367665	4295000
chr14	4300000	4310000	24.692344820596162	4305000
chr14	4310000	4320000	18.50059761331704	4315000
chr14	4320000	4330000	15.526344532018369	4325000
chr14	4330000	4340000	15.53314686030519	4335000
chr14	4340000	4350000	23.7793796338247	4345000
chr14	4350000	4360000	16.177912707394615	4355000
chr14	4360000	4370000	14.678638150118033	4365000
chr14	4370000	4380000	13.1345077745106	4375000
chr14	4380000	4390000	8.75929671528034	4385000
chr14	4390000	4400000	11.889932617644924	4395000
chr14	4400000	4410000	13.759447548249307	4405000
chr14	4410000	4420000	15.624579811605521	4415000
chr14	4420000	4430000	18.29395907244695	4425000
chr14	4430000	4440000	15.612764920394927	4435000
chr14	4440000	4450000	15.540738662228195	4445000
chr14	4450000	4460000	14.893157310983792	4455000
chr14	4460000	4470000	17.946520950397495	4465000
chr14	4470000	4480000	14.003042156788407	4475000
chr14	4480000	4490000	14.47983972053781	4485000
chr14	4490000	4500000	13.853590289237744	4495000
chr14	4500000	4510000	8.87386376909357	4505000
chr14	4510000	4520000	13.126843787824615	4515000
chr14	4520000	4530000	20.802349685921094	4525000
chr14	4530000	4540000	20.22333073579981	4535000
chr14	4540000	4550000	18.995387878334498	4545000
chr14	4550000	4560000	16.55119801808379	4555000
chr14	4560000	4570000	14.219706613223964	4565000
chr14	4570000	4580000	10.659624619000663	4575000
chr14	4580000	4590000	13.170749550778211	4585000
chr14	4590000	4600000	17.314495860887924	4595000
chr14	4600000	4610000	10.642160926363296	4605000
chr14	4610000	4620000	18.904290243202656	4615000
chr14	4620000	4630000	50.62293797304093	4625000
chr14	4630000	4640000	33.90838961390051	4635000
chr14	4640000	4650000	22.54071252006917	4645000
chr14	4650000	4660000	24.487361548651453	4655000
chr14	4660000	4670000	18.326097775917066	4665000
chr14	4670000	4680000	14.293052427133677	4675000
chr14	4680000	4690000	10.39933984903082	4685000
chr14	4690000	4700000	24.113373852090678	4695000
chr14	4700000	4710000	17.724523412283787	4705000
chr14	4710000	4720000	14.920520741563008	4715000
chr14	4720000	4730000	12.784570853108384	4725000
chr14	4730000	4740000	15.22935654329833	4735000
chr14	4740000	4750000	20.240297581335938	4745000
chr14	4750000	4760000	19.89303980795512	4755000
chr14	4760000	4770000	28.967787968759083	4765000
chr14	4770000	4780000	6.857093940963362	4775000
chr14	4780000	4790000	4.87583123204367	4785000
chr14	4790000	4800000	6.933231138380301	4795000
chr14	4800000	4810000	5.0706496710231175	4805000
chr14	4810000	4820000	7.660327084090125	4815000
chr14	4820000	4830000	14.640702749791679	4825000
chr14	4830000	4840000	8.556990355673241	4835000
chr14	4840000	4850000	10.69694430493106	4845000
chr14	4850000	4860000	9.552607761945614	4855000
chr14	4860000	4870000	4.319715026662704	4865000
chr14	4870000	4880000	6.798751136180239	4875000
chr14	4880000	4890000	7.830760099370285	4885000
chr14	4890000	4900000	29.499198636906	4895000
chr14	4900000	4910000	10.999863869900132	4905000
chr14	4910000	4920000	11.420478037853153	4915000
chr14	4920000	4930000	13.820493293759522	4925000
chr14	4930000	4940000	21.515366745752605	4935000
chr14	4940000	4950000	19.143410545574145	4945000
chr14	4950000	4960000	19.22195179402675	4955000
chr14	4960000	4970000	27.634630925330264	4965000
chr14	4970000	4980000	24.610322721611094	4975000
chr14	4980000	4990000	18.967742813160474	4985000
chr14	4990000	5000000	15.947826431162136	4995000
chr14	5000000	5010000	15.556648690132269	5005000
chr14	5010000	5020000	16.249092541912802	5015000
chr14	5020000	5030000	18.561092331545247	5025000
chr14	5030000	5040000	19.745750825731545	5035000
chr14	5040000	5050000	17.86779251727852	5045000
chr14	5050000	5060000	13.866963275563739	5055000
chr14	5060000	5070000	14.55184370482224	5065000
chr14	5070000	5080000	11.243052415755443	5075000
chr14	5080000	5090000	11.677202628434552	5085000
chr14	5090000	5100000	15.476213902772196	5095000
chr14	5100000	5110000	15.239925541841142	5105000
chr14	5110000	5120000	14.18625009095853	5115000
chr14	5120000	5130000	10.431982843473309	5125000
chr14	5130000	5140000	16.36923644042718	5135000
chr14	5140000	5150000	9.845482242241335	5145000
chr14	5150000	5160000	13.785677985327093	5155000
chr14	5160000	5170000	12.946346299736703	5165000
chr14	5170000	5180000	10.73183324922768	5175000
chr14	5180000	5190000	11.466757850413078	5185000
chr14	5190000	5200000	9.14614219890881	5195000
chr14	5200000	5210000	11.915106208672832	5205000
chr14	5210000	5220000	14.199530284993964	5215000
chr14	5220000	5230000	13.578192734929187	5225000
chr14	5230000	5240000	13.612227042860972	5235000
chr14	5240000	5250000	11.114948384170924	5245000
chr14	5250000	5260000	11.580645011511267	5255000
chr14	5260000	5270000	12.97240881494989	5265000
chr14	5270000	5280000	13.283271027449754	5275000
chr14	5280000	5290000	9.689092800114548	5285000
chr14	5290000	5300000	15.70723008183609	5295000
chr14	5300000	5310000	16.053144825840988	5305000
chr14	5310000	5320000	10.90112396996977	5315000
chr14	5320000	5330000	13.157651787263054	5325000
chr14	5330000	5340000	19.969512612459845	5335000
chr14	5340000	5350000	17.24630504706432	5345000
chr14	5350000	5360000	13.722690505015258	5355000
chr14	5360000	5370000	15.69677948104761	5365000
chr14	5370000	5380000	7.456190503535976	5375000
chr14	5380000	5390000	15.88035495196949	5385000
chr14	5390000	5400000	19.038631073607903	5395000
chr14	5400000	5410000	11.266633983141057	5405000
chr14	5410000	5420000	18.650344322242162	5415000
chr14	5420000	5430000	29.731190018990016	5425000
chr14	5430000	5440000	17.116573431271	5435000
chr14	5440000	5450000	15.391972010214594	5445000
chr14	5450000	5460000	20.397779988137344	5455000
chr14	5460000	5470000	24.679379723978325	5465000
chr14	5470000	5480000	27.6208640002164	5475000
chr14	5480000	5490000	23.43251459144226	5485000
chr14	5490000	5500000	13.944679199354677	5495000
chr14	5500000	5510000	14.33850915235679	5505000
chr14	5510000	5520000	11.31545212987492	5515000
chr14	5520000	5530000	8.001750171809059	5525000
chr14	5530000	5540000	13.515915119847342	5535000
chr14	5540000	5550000	9.2567911720624	5545000
chr14	5550000	5560000	8.134756924451619	5555000
chr14	5560000	5570000	7.697662925003465	5565000
chr14	5570000	5580000	12.033222444795344	5575000
chr14	5580000	5590000	20.81826128449291	5585000
chr14	5590000	5600000	11.965230182147502	5595000
chr14	5600000	5610000	13.486112124297822	5605000
chr14	5610000	5620000	9.901796423068724	5615000
chr14	5620000	5630000	11.287722964125782	5625000
chr14	5630000	5640000	14.904290110698176	5635000
chr14	5640000	5650000	12.849919547702138	5645000
chr14	5650000	5660000	12.636317441395773	5655000
chr14	5660000	5670000	9.463417112240238	5665000
chr14	5670000	5680000	9.632431085124557	5675000
chr14	5680000	5690000	9.135345307532635	5685000
chr14	5690000	5700000	16.270684205605583	5695000
chr14	5700000	5710000	9.578751347247183	5705000
chr14	5710000	5720000	10.817976984044423	5715000
chr14	5720000	5730000	10.66598810862851	5725000
chr14	5730000	5740000	8.37022827495929	5735000
chr14	5740000	5750000	15.916871518103505	5745000
chr14	5750000	5760000	9.068659894892019	5755000
chr14	5760000	5770000	8.187035988147834	5765000
chr14	5770000	5780000	8.702760581368327	5775000
chr14	5780000	5790000	9.24171905952895	5785000
chr14	5790000	5800000	8.595069595979272	5795000
chr14	5800000	5810000	8.079489862680513	5805000
chr14	5810000	5820000	9.359610896669729	5815000
chr14	5820000	5830000	9.39190333980503	5825000
chr14	5830000	5840000	12.450757829602534	5835000
chr14	5840000	5850000	10.940836816883927	5845000
chr14	5850000	5860000	9.424395593731653	5855000
chr14	5860000	5870000	6.98229200509924	5865000
chr14	5870000	5880000	6.159941476365252	5875000
chr14	5880000	5890000	5.414174104758814	5885000
chr14	5890000	5900000	4.325509745401051	5895000
chr14	5900000	5910000	10.006444270934274	5905000
chr14	5910000	5920000	7.291139555333436	5915000
chr14	5920000	5930000	6.488836216423256	5925000
chr14	5930000	5940000	17.90829582306224	5935000
chr14	5940000	5950000	19.05498196755125	5945000
chr14	5950000	5960000	6.471575680148409	5955000
chr14	5960000	5970000	6.909944587682038	5965000
chr14	5970000	5980000	12.484002925278723	5975000
chr14	5980000	5990000	13.226469483736475	5985000
chr14	5990000	6000000	12.280021939094606	5995000
chr14	6000000	6010000	10.246975571482537	6005000
chr14	6010000	6020000	9.06019975518087	6015000
chr14	6020000	6030000	9.251344935366443	6025000
chr14	6030000	6040000	8.640757131713569	6035000
chr14	6040000	6050000	8.26577795389769	6045000
chr14	6050000	6060000	10.877537626666197	6055000
chr14	6060000	6070000	10.942324469596219	6065000
chr14	6070000	6080000	8.540051706216035	6075000
chr14	6080000	6090000	9.763765802614694	6085000
chr14	6090000	6100000	9.909416044855377	6095000
chr14	6100000	6110000	9.55933677617867	6105000
chr14	6110000	6120000	8.861258376054597	6115000
chr14	6120000	6130000	10.365367889089015	6125000
chr14	6130000	6140000	9.092145402902915	6135000
chr14	6140000	6150000	9.791126581022933	6145000
chr14	6150000	6160000	9.390512436409734	6155000
chr14	6160000	6170000	9.912951195919305	6165000
chr14	6170000	6180000	10.276616032294331	6175000
chr14	6180000	6190000	6.661036105269428	6185000
chr14	6190000	6200000	11.108735530220299	6195000
chr14	6200000	6210000	10.957624184757252	6205000
chr14	6210000	6220000	9.090779454252667	6215000
chr14	6220000	6230000	7.865399904407551	6225000
chr14	6230000	6240000	6.605256901022334	6235000
chr14	6240000	6250000	10.464079402522618	6245000
chr14	6250000	6260000	12.280111488452663	6255000
chr14	6260000	6270000	16.315339542526857	6265000
chr14	6270000	6280000	16.25086631952384	6275000
chr14	6280000	6290000	13.627553500391809	6285000
chr14	6290000	6300000	8.721678119190342	6295000
chr14	6300000	6310000	8.512714235063916	6305000
chr14	6310000	6320000	8.14388416669017	6315000
chr14	6320000	6330000	6.089140971132537	6325000
chr14	6330000	6340000	5.685625175522587	6335000
chr14	6340000	6350000	20.010159746847055	6345000
chr14	6350000	6360000	8.402315415671099	6355000
chr14	6360000	6370000	11.284669929478804	6365000
chr14	6370000	6380000	12.743197602937013	6375000
chr14	6380000	6390000	10.352261192886523	6385000
chr14	6390000	6400000	8.090694609446786	6395000
chr14	6400000	6410000	8.33774356120945	6405000
chr14	6410000	6420000	10.145163306276148	6415000
chr14	6420000	6430000	8.55557984779918	6425000
chr14	6430000	6440000	6.9807774119174155	6435000
chr14	6440000	6450000	5.083911152074896	6445000
chr14	6450000	6460000	3.6244823173350964	6455000
chr14	6460000	6470000	1.9646429568648878	6465000
chr14	6470000	6480000	9.206007786929401	6475000
chr14	6480000	6490000	5.228392428757621	6485000
chr14	6490000	6500000	6.765341516289765	6495000
chr14	6500000	6510000	7.323956340395621	6505000
chr14	6510000	6520000	11.798948514572038	6515000
chr14	6520000	6530000	7.946787234391534	6525000
chr14	6530000	6540000	12.768283583986895	6535000
chr14	6540000	6550000	16.186576460496337	6545000
chr14	6550000	6560000	8.664839051619692	6555000
chr14	6560000	6570000	11.246832652958885	6565000
chr14	6570000	6580000	3.6697487185885596	6575000
chr14	6580000	6590000	8.273302341165943	6585000
chr14	6590000	6600000	13.104045952903405	6595000
chr14	6600000	6610000	9.415209222567025	6605000
chr14	6610000	6620000	13.168425709365158	6615000
chr14	6620000	6630000	11.614281392455615	6625000
chr14	6630000	6640000	11.740900870485289	6635000
chr14	6640000	6650000	14.570310515636644	6645000
chr14	6650000	6660000	13.93608746026159	6655000
chr14	6660000	6670000	10.232798811375519	6665000
chr14	6670000	6680000	13.96961526457792	6675000
chr14	6680000	6690000	11.377996153673976	6685000
chr14	6690000	6700000	8.873548834766915	6695000
chr14	6700000	6710000	8.566171467057176	6705000
chr14	6710000	6720000	11.441298986709842	6715000
chr14	6720000	6730000	5.212187805687171	6725000
chr14	6730000	6740000	7.251128151278135	6735000
chr14	6740000	6750000	4.419918937756032	6745000
chr14	6750000	6760000	6.411146102379653	6755000
chr14	6760000	6770000	6.454040361336401	6765000
chr14	6770000	6780000	3.7568912699024706	6775000
chr14	6780000	6790000	9.618654816139767	6785000
chr14	6790000	6800000	4.777250572905566	6795000
chr14	6800000	6810000	6.87061001451221	6805000
chr14	6810000	6820000	9.712988744602518	6815000
chr14	6820000	6830000	8.907805778719819	6825000
chr14	6830000	6840000	6.957660808998456	6835000
chr14	6840000	6850000	7.335126329637726	6845000
chr14	6850000	6860000	5.351786426635312	6855000
chr14	6860000	6870000	11.711028870801018	6865000
chr14	6870000	6880000	10.556255986613666	6875000
chr14	6880000	6890000	11.654508312565838	6885000
chr14	6890000	6900000	6.839205979200986	6895000
chr14	6900000	6910000	4.310143832201217	6905000
chr14	6910000	6920000	6.098393741271906	6915000
chr14	6920000	6930000	4.060847517443565	6925000
chr14	6930000	6940000	2.461823023688931	6935000
chr14	6940000	6950000	3.5911786081600363	6945000
chr14	6950000	6960000	2.5517759135490587	6955000
chr14	6960000	6970000	6.5465281615219935	6965000
chr14	6970000	6980000	5.44631128074384	6975000
chr14	6980000	6990000	4.890336083676601	6985000
chr14	6990000	7000000	4.646913563183979	6995000
chr14	7000000	7010000	4.742657797673255	7005000
chr14	7010000	7020000	5.108467135903795	7015000
chr14	7020000	7030000	5.610308883807026	7025000
chr14	7030000	7040000	4.973823614060911	7035000
chr14	7040000	7050000	5.888690080557452	7045000
chr14	7050000	7060000	8.136295024528739	7055000
chr14	7060000	7070000	10.392451567939508	7065000
chr14	7070000	7080000	5.9888473932947415	7075000
chr14	7080000	7090000	12.347989646693533	7085000
chr14	7090000	7100000	3.816901326519092	7095000
chr14	7100000	7110000	5.347839675524198	7105000
chr14	7110000	7120000	6.156928394638045	7115000
chr14	7120000	7130000	3.3986852036247477	7125000
chr14	7130000	7140000	9.213519794790379	7135000
chr14	7140000	7150000	6.396114264502737	7145000
chr14	7150000	7160000	2.992860412425789	7155000
chr14	7160000	7170000	3.739365491898154	7165000
chr14	7170000	7180000	5.375881881908276	7175000
chr14	7180000	7190000	7.154208293104497	7185000
chr14	7190000	7200000	4.217956948108611	7195000
chr14	7200000	7210000	3.4454466347942487	7205000
chr14	7210000	7220000	2.796208650996177	7215000
chr14	7220000	7230000	6.436400370311305	7225000
chr14	7230000	7240000	7.969308470682714	7235000
chr14	7240000	7250000	7.07834458306098	7245000
chr14	7250000	7260000	4.999364990544012	7255000
chr14	7260000	7270000	4.982368491759964	7265000
chr14	7270000	7280000	5.241034304167063	7275000
chr14	7280000	7290000	5.724080921539107	7285000
chr14	7290000	7300000	4.873067680996148	7295000
chr14	7300000	7310000	3.344843943979784	7305000
chr14	7310000	7320000	4.817113377387216	7315000
chr14	7320000	7330000	4.812899213060196	7325000
chr14	7330000	7340000	5.5669435170928985	7335000
chr14	7340000	7350000	5.841255357082986	7345000
chr14	7350000	7360000	5.406013261541169	7355000
chr14	7360000	7370000	3.2595742727546257	7365000
chr14	7370000	7380000	5.174489461966057	7375000
chr14	7380000	7390000	4.878744978702975	7385000
chr14	7390000	7400000	7.76816038293295	7395000
chr14	7400000	7410000	4.188187427054083	7405000
chr14	7410000	7420000	5.918981546027542	7415000
chr14	7420000	7430000	7.875628536185853	7425000
chr14	7430000	7440000	6.425360889696532	7435000
chr14	7440000	7450000	7.87596359910115	7445000
chr14	7450000	7460000	5.592255320038551	7455000
chr14	7460000	7470000	3.8993758509753498	7465000
chr14	7470000	7480000	8.283262438169357	7475000
chr14	7480000	7490000	9.718394310257167	7485000
chr14	7490000	7500000	5.867777457668574	7495000
chr14	7500000	7510000	10.663160615710575	7505000
chr14	7510000	7520000	9.977843447714914	7515000
chr14	7520000	7530000	7.283394073097038	7525000
chr14	7530000	7540000	5.837214224482449	7535000
chr14	7540000	7550000	6.6405465338181	7545000
chr14	7550000	7560000	5.654496018328766	7555000
chr14	7560000	7570000	5.1494400403467235	7565000
chr14	7570000	7580000	4.775912212803465	7575000
chr14	7580000	7590000	5.632845140900272	7585000
chr14	7590000	7600000	4.742128016970697	7595000
chr14	7600000	7610000	12.852495878683609	7605000
chr14	7610000	7620000	9.958772572766394	7615000
chr14	7620000	7630000	5.69752341629384	7625000
chr14	7630000	7640000	9.054798861435405	7635000
chr14	7640000	7650000	8.742514410340931	7645000
chr14	7650000	7660000	19.288622432701857	7655000
chr14	7660000	7670000	15.146811124927591	7665000
chr14	7670000	7680000	11.219687149202528	7675000
chr14	7680000	7690000	8.759175600304642	7685000
chr14	7690000	7700000	11.117752276289043	7695000
chr14	7700000	7710000	5.670453302233033	7705000
chr14	7710000	7720000	4.878590051431917	7715000
chr14	7720000	7730000	4.011680293764558	7725000
chr14	7730000	7740000	6.699631945875337	7735000
chr14	7740000	7750000	5.1822444060904935	7745000
chr14	7750000	7760000	2.2076367827717864	7755000
chr14	7760000	7770000	7.700591615266776	7765000
chr14	7770000	7780000	5.151628797606952	7775000
chr14	7780000	7790000	1.106758827276036	7785000
chr14	7790000	7800000	9.285917177198169	7795000
chr14	7800000	7810000	3.8577621275812044	7805000
chr14	7810000	7820000	18.470760753020993	7815000
chr14	7820000	7830000	13.134404889393856	7825000
chr14	7830000	7840000	5.2125118106770225	7835000
chr14	7840000	7850000	7.7099248383522365	7845000
chr14	7850000	7860000	5.711113681516391	7855000
chr14	7860000	7870000	5.51971018707893	7865000
chr14	7870000	7880000	6.023487307430797	7875000
chr14	7880000	7890000	13.749461019584587	7885000
chr14	7890000	7900000	2.7964667109177257	7895000
chr14	7900000	7910000	5.379424449034616	7905000
chr14	7910000	7920000	8.776563730941515	7915000
chr14	7920000	7930000	7.977321474224548	7925000
chr14	7930000	7940000	5.408308406755044	7935000
chr14	7940000	7950000	5.44877821711648	7945000
chr14	7950000	7960000	5.58202537003768	7955000
chr14	7960000	7970000	6.843376533860002	7965000
chr14	7970000	7980000	3.0627544075170436	7975000
chr14	7980000	7990000	10.037441891966703	7985000
chr14	7990000	8000000	6.981445896817761	7995000
chr14	8000000	8010000	3.0655201782116652	8005000
chr14	8010000	8020000	3.4652505651223486	8015000
chr14	8020000	8030000	7.8572643070491015	8025000
chr14	8030000	8040000	2.8240620633636695	8035000
chr14	8040000	8050000	3.2482068476111574	8045000
chr14	8050000	8060000	3.594035934528414	8055000
chr14	8060000	8070000	1.705047074584098	8065000
chr14	8070000	8080000	3.779963398669386	8075000
chr14	8080000	8090000	10.007889314332271	8085000
chr14	8090000	8100000	6.129070628327976	8095000
chr14	8100000	8110000	7.246696161566041	8105000
chr14	8110000	8120000	6.292733469391993	8115000
chr14	8120000	8130000	5.824599485192344	8125000
chr14	8130000	8140000	8.918485133341706	8135000
chr14	8140000	8150000	9.628413978302904	8145000
chr14	8150000	8160000	10.065411001202758	8155000
chr14	8160000	8170000	15.970451299756142	8165000
chr14	8170000	8180000	10.85404294957033	8175000
chr14	8180000	8190000	7.3591055560247485	8185000
chr14	8190000	8200000	8.688705778399031	8195000
chr14	8200000	8210000	12.901871947346743	8205000
chr14	8210000	8220000	10.178784876457785	8215000
chr14	8220000	8230000	19.367117295333983	8225000
chr14	8230000	8240000	12.04796787280183	8235000
chr14	8240000	8250000	13.31183765835827	8245000
chr14	8250000	8260000	5.537469405067143	8255000
chr14	8260000	8270000	6.9515883573439226	8265000
chr14	8270000	8280000	9.792932424398323	8275000
chr14	8280000	8290000	7.943113838475918	8285000
chr14	8290000	8300000	6.866204004656801	8295000
chr14	8300000	8310000	5.1517890072252985	8305000
chr14	8310000	8320000	7.418214943865861	8315000
chr14	8320000	8330000	6.732208297061489	8325000
chr14	8330000	8340000	8.6977887916993	8335000
chr14	8340000	8350000	25.919798795664764	8345000
chr14	8350000	8360000	15.819520616576979	8355000
chr14	8360000	8370000	11.771163206111213	8365000
chr14	8370000	8380000	9.18904285636825	8375000
chr14	8380000	8390000	8.685981732271669	8385000
chr14	8390000	8400000	14.022963501798658	8395000
chr14	8400000	8410000	12.054019938310669	8405000
chr14	8410000	8420000	11.704396773143166	8415000
chr14	8420000	8430000	12.663206384472598	8425000
chr14	8430000	8440000	12.086565370239095	8435000
chr14	8440000	8450000	12.376863694914135	8445000
chr14	8450000	8460000	11.13796951937836	8455000
chr14	8460000	8470000	11.390036207803355	8465000
chr14	8470000	8480000	12.74256560218014	8475000
chr14	8480000	8490000	15.029608546940187	8485000
chr14	8490000	8500000	12.996176808029677	8495000
chr14	8500000	8510000	10.85263027343279	8505000
chr14	8510000	8520000	14.060660293146274	8515000
chr14	8520000	8530000	11.687590595906936	8525000
chr14	8530000	8540000	11.919005470134142	8535000
chr14	8540000	8550000	12.961691543276046	8545000
chr14	8550000	8560000	11.381764773357075	8555000
chr14	8560000	8570000	15.494456886315481	8565000
chr14	8570000	8580000	17.8244129888865	8575000
chr14	8580000	8590000	12.92881756176478	8585000
chr14	8590000	8600000	16.963932803882088	8595000
chr14	8600000	8610000	15.24098069856696	8605000
chr14	8610000	8620000	24.617428540151657	8615000
chr14	8620000	8630000	21.63373184356819	8625000
chr14	8630000	8640000	8.87574533802499	8635000
chr14	8640000	8650000	8.365909156282667	8645000
chr14	8650000	8660000	8.943864811620662	8655000
chr14	8660000	8670000	10.636289653245758	8665000
chr14	8670000	8680000	8.23436019379863	8675000
chr14	8680000	8690000	9.558990653416615	8685000
chr14	8690000	8700000	9.162030493285538	8695000
chr14	8700000	8710000	8.621577075573708	8705000
chr14	8710000	8720000	9.707933346602093	8715000
chr14	8720000	8730000	7.326481940020381	8725000
chr14	8730000	8740000	7.029004669725754	8735000
chr14	8740000	8750000	6.072231563648495	8745000
chr14	8750000	8760000	7.123571409043882	8755000
chr14	8760000	8770000	6.8150683586676974	8765000
chr14	8770000	8780000	7.843429889387855	8775000
chr14	8780000	8790000	6.392744084108434	8785000
chr14	8790000	8800000	5.181054731583301	8795000
chr14	8800000	8810000	22.045647948652803	8805000
chr14	8810000	8820000	11.891934673743414	8815000
chr14	8820000	8830000	10.63236322085943	8825000
chr14	8830000	8840000	13.384418866419571	8835000
chr14	8840000	8850000	13.795371318006728	8845000
chr14	8850000	8860000	23.822775674041186	8855000
chr14	8860000	8870000	13.51036186085531	8865000
chr14	8870000	8880000	22.92937927144013	8875000
chr14	8880000	8890000	16.921845251988863	8885000
chr14	8890000	8900000	18.512276410498572	8895000
chr14	8900000	8910000	11.487902489540181	8905000
chr14	8910000	8920000	17.136818450651518	8915000
chr14	8920000	8930000	13.79547539335926	8925000
chr14	8930000	8940000	15.036442064502896	8935000
chr14	8940000	8950000	14.115416058992968	8945000
chr14	8950000	8960000	12.431353655365275	8955000
chr14	8960000	8970000	11.863565740175607	8965000
chr14	8970000	8980000	12.200267682797255	8975000
chr14	8980000	8990000	12.928753094341547	8985000
chr14	8990000	9000000	14.067558555705007	8995000
chr14	9000000	9010000	15.284843924342153	9005000
chr14	9010000	9020000	10.660130224180481	9015000
chr14	9020000	9030000	17.92011984194793	9025000
chr14	9030000	9040000	6.238217687441965	9035000
chr14	9040000	9050000	8.355474070609315	9045000
chr14	9050000	9060000	12.623252570061924	9055000
chr14	9060000	9070000	7.7776264854925845	9065000
chr14	9070000	9080000	27.158323646661664	9075000
chr14	9080000	9090000	9.24095993053797	9085000
chr14	9090000	9100000	19.993449514972934	9095000
chr14	9100000	9110000	20.952996021816283	9105000
chr14	9110000	9120000	16.41752053752382	9115000
chr14	9120000	9130000	12.611288582428596	9125000
chr14	9130000	9140000	17.258425390370675	9135000
chr14	9140000	9150000	16.381693582277773	9145000
chr14	9150000	9160000	17.473219519775768	9155000
chr14	9160000	9170000	16.32273967216306	9165000
chr14	9170000	9180000	15.331307653017292	9175000
chr14	9180000	9190000	12.206535409616865	9185000
chr14	9190000	9200000	9.850249629000434	9195000
chr14	9200000	9210000	17.496225995464993	9205000
chr14	9210000	9220000	13.91445980227716	9215000
chr14	9220000	9230000	5.916999508431218	9225000
chr14	9230000	9240000	15.976086732132917	9235000
chr14	9240000	9250000	5.2312614838914255	9245000
chr14	9250000	9260000	6.520633089192722	9255000
chr14	9260000	9270000	13.411100297389577	9265000
chr14	9270000	9280000	3.0225222410623322	9275000
chr14	9280000	9290000	9.498358036918251	9285000
chr14	9290000	9300000	15.66159571594988	9295000
chr14	9300000	9310000	20.056093471152497	9305000
chr14	9310000	9320000	12.005421676240138	9315000
chr14	9320000	9330000	7.168109404522302	9325000
chr14	9330000	9340000	11.375980329514611	9335000
chr14	9340000	9350000	15.540816703648856	9345000
chr14	9350000	9360000	16.548084736070102	9355000
chr14	9360000	9370000	20.275933629411977	9365000
chr14	9370000	9380000	34.66544549295588	9375000
chr14	9380000	9390000	19.91456507640995	9385000
chr14	9390000	9400000	14.888559764115682	9395000
chr14	9400000	9410000	22.093745734656423	9405000
chr14	9410000	9420000	17.73774206946254	9415000
chr14	9420000	9430000	13.480339923558898	9425000
chr14	9430000	9440000	13.406753028322665	9435000
chr14	9440000	9450000	14.025639399940433	9445000
chr14	9450000	9460000	13.946049360927029	9455000
chr14	9460000	9470000	13.991440905641559	9465000
chr14	9470000	9480000	14.72051823339522	9475000
chr14	9480000	9490000	15.20567382272601	9485000
chr14	9490000	9500000	12.78514308055991	9495000
chr14	9500000	9510000	12.076084624690301	9505000
chr14	9510000	9520000	9.063758359364213	9515000
chr14	9520000	9530000	13.226345445047484	9525000
chr14	9530000	9540000	11.803849745473762	9535000
chr14	9540000	9550000	8.542529866518995	9545000
chr14	9550000	9560000	5.944029314885818	9555000
chr14	9560000	9570000	7.144339168671456	9565000
chr14	9570000	9580000	8.69607982096818	9575000
chr14	9580000	9590000	11.399918200047166	9585000
chr14	9590000	9600000	9.217273816014398	9595000
chr14	9600000	9610000	7.829133626208491	9605000
chr14	9610000	9620000	11.251619952473543	9615000
chr14	9620000	9630000	20.036164710468714	9625000
chr14	9630000	9640000	15.771831663419821	9635000
chr14	9640000	9650000	19.31700611031073	9645000
chr14	9650000	9660000	21.411057326876083	9655000
chr14	9660000	9670000	16.379877898208363	9665000
chr14	9670000	9680000	17.05819293746368	9675000
chr14	9680000	9690000	11.313138515307667	9685000
chr14	9690000	9700000	13.087761422292202	9695000
chr14	9700000	9710000	10.399121985239184	9705000
chr14	9710000	9720000	23.045427446085792	9715000
chr14	9720000	9730000	11.206848552392474	9725000
chr14	9730000	9740000	9.894738088920521	9735000
chr14	9740000	9750000	12.207531513521426	9745000
chr14	9750000	9760000	13.59335513634649	9755000
chr14	9760000	9770000	11.743761830583576	9765000
chr14	9770000	9780000	7.603122668643032	9775000
chr14	9780000	9790000	12.27657848004731	9785000
chr14	9790000	9800000	9.909126108339127	9795000
chr14	9800000	9810000	13.730993129250864	9805000
chr14	9810000	9820000	15.011338989857197	9815000
chr14	9820000	9830000	9.893682569525668	9825000
chr14	9830000	9840000	14.544873122234044	9835000
chr14	9840000	9850000	16.515746300014936	9845000
chr14	9850000	9860000	13.015385560408484	9855000
chr14	9860000	9870000	18.43186436554335	9865000
chr14	9870000	9880000	8.149276369250234	9875000
chr14	9880000	9890000	13.384920503180876	9885000
chr14	9890000	9900000	15.788835874755335	9895000
chr14	9900000	9910000	16.504047792442368	9905000
chr14	9910000	9920000	12.696171513131869	9915000
chr14	9920000	9930000	11.965024860677376	9925000
chr14	9930000	9940000	17.375635590554747	9935000
chr14	9940000	9950000	9.910750626030945	9945000
chr14	9950000	9960000	8.660832173978516	9955000
chr14	9960000	9970000	21.10900174121281	9965000
chr14	9970000	9980000	15.547105406821379	9975000
chr14	9980000	9990000	14.765786852747596	9985000
chr14	9990000	10000000	16.49664183284806	9995000
chr14	10000000	10010000	26.163024424929237	10005000
chr14	10010000	10020000	14.655008141954337	10015000
chr14	10020000	10030000	16.713239343472072	10025000
chr14	10030000	10040000	11.851688944798216	10035000
chr14	10040000	10050000	15.377343345540156	10045000
chr14	10050000	10060000	15.86599548145843	10055000
chr14	10060000	10070000	10.67399248126518	10065000
chr14	10070000	10080000	6.720571231533827	10075000
chr14	10080000	10090000	7.754726153738712	10085000
chr14	10090000	10100000	9.588731905552835	10095000
chr14	10100000	10110000	11.18228212332931	10105000
chr14	10110000	10120000	11.218411205129035	10115000
chr14	10120000	10130000	7.934553906321045	10125000
chr14	10130000	10140000	6.084250732323038	10135000
chr14	10140000	10150000	11.791235269030173	10145000
chr14	10150000	10160000	12.24509725215296	10155000
chr14	10160000	10170000	11.217832007122167	10165000
chr14	10170000	10180000	14.543284434314328	10175000
chr14	10180000	10190000	11.968287836260554	10185000
chr14	10190000	10200000	11.474256952897957	10195000
chr14	10200000	10210000	10.343104527394932	10205000
chr14	10210000	10220000	5.320771716217683	10215000
chr14	10220000	10230000	3.3202389419244094	10225000
chr14	10230000	10240000	10.704118979802487	10235000
chr14	10240000	10250000	10.683896967846602	10245000
chr14	10250000	10260000	14.28662142237292	10255000
chr14	10260000	10270000	10.028615094809684	10265000
chr14	10270000	10280000	9.59984687912943	10275000
chr14	10280000	10290000	7.727907826051425	10285000
chr14	10290000	10300000	8.702985057951125	10295000
chr14	10300000	10310000	17.936562534918274	10305000
chr14	10310000	10320000	13.079068032137199	10315000
chr14	10320000	10330000	20.068024680066493	10325000
chr14	10330000	10340000	9.228477321822384	10335000
chr14	10340000	10350000	8.393996859957761	10345000
chr14	10350000	10360000	7.37106205761614	10355000
chr14	10360000	10370000	12.463872652163609	10365000
chr14	10370000	10380000	13.711038692707975	10375000
chr14	10380000	10390000	11.729710892417721	10385000
chr14	10390000	10400000	13.668128953531724	10395000
chr14	10400000	10410000	13.509097498571943	10405000
chr14	10410000	10420000	14.962572863368433	10415000
chr14	10420000	10430000	14.756853446228313	10425000
chr14	10430000	10440000	14.175674340992048	10435000
chr14	10440000	10450000	10.914274451955999	10445000
chr14	10450000	10460000	14.315408749115543	10455000
chr14	10460000	10470000	15.485025435106941	10465000
chr14	10470000	10480000	13.22293766841018	10475000
chr14	10480000	10490000	15.32138666669582	10485000
chr14	10490000	10500000	15.95831070161679	10495000
chr14	10500000	10510000	14.440555834791052	10505000
chr14	10510000	10520000	10.922861872017355	10515000
chr14	10520000	10530000	15.396123325820675	10525000
chr14	10530000	10540000	20.752480885848165	10535000
chr14	10540000	10550000	13.875953870957272	10545000
chr14	10550000	10560000	15.831543555899612	10555000
chr14	10560000	10570000	22.70353624615296	10565000
chr14	10570000	10580000	19.02605822312833	10575000
chr14	10580000	10590000	14.10753512152505	10585000
chr14	10590000	10600000	11.695774203957088	10595000
chr14	10600000	10610000	13.913035315710792	10605000
chr14	10610000	10620000	18.167750336571693	10615000
chr14	10620000	10630000	11.675661395693469	10625000
chr14	10630000	10640000	14.284758130201807	10635000
chr14	10640000	10650000	6.587294211451704	10645000
chr14	10650000	10660000	9.91779866658437	10655000
chr14	10660000	10670000	16.60610388744029	10665000
chr14	10670000	10680000	23.492173654144537	10675000
chr14	10680000	10690000	16.28458394600262	10685000
chr14	10690000	10700000	17.998555144055466	10695000
chr14	10700000	10710000	17.374049179948237	10705000
chr14	10710000	10720000	14.628441644342923	10715000
chr14	10720000	10730000	5.866008494221034	10725000
chr14	10730000	10740000	4.336866637696325	10735000
chr14	10740000	10750000	7.408199049739394	10745000
chr14	10750000	10760000	16.421238602649378	10755000
chr14	10760000	10770000	5.761716841131414	10765000
chr14	10770000	10780000	15.867416591246027	10775000
chr14	10780000	10790000	15.897530802109197	10785000
chr14	10790000	10800000	12.349034920573313	10795000
chr14	10800000	10810000	13.049450770568168	10805000
chr14	10810000	10820000	16.126726995172483	10815000
chr14	10820000	10830000	2.5811452361041898	10825000
chr14	10830000	10840000	8.782302549603148	10835000
chr14	10840000	10850000	8.67199254676199	10845000
chr14	10850000	10860000	6.816515546137398	10855000
chr14	10860000	10870000	4.311011381251159	10865000
chr14	10870000	10880000	14.164423910064796	10875000
chr14	10880000	10890000	10.573516200424663	10885000
chr14	10890000	10900000	14.085224661832015	10895000
chr14	10900000	10910000	6.967747832551604	10905000
chr14	10910000	10920000	10.518171333637522	10915000
chr14	10920000	10930000	17.712852808980696	10925000
chr14	10930000	10940000	14.920566326125591	10935000
chr14	10940000	10950000	12.338639201836571	10945000
chr14	10950000	10960000	12.156771921502274	10955000
chr14	10960000	10970000	15.211430090794355	10965000
chr14	10970000	10980000	11.665009784425534	10975000
chr14	10980000	10990000	11.536232815996799	10985000
chr14	10990000	11000000	30.581804441801857	10995000
chr14	11000000	11010000	14.60698553727672	11005000
chr14	11010000	11020000	16.786951836316657	11015000
chr14	11020000	11030000	8.220294732233926	11025000
chr14	11030000	11040000	14.368578063332006	11035000
chr14	11040000	11050000	10.739102727883989	11045000
chr14	11050000	11060000	14.437336848253832	11055000
chr14	11060000	11070000	14.970124166412457	11065000
chr14	11070000	11080000	18.71176556081243	11075000
chr14	11080000	11090000	15.238800079621743	11085000
chr14	11090000	11100000	26.406452261844777	11095000
chr14	11100000	11110000	17.667786048016872	11105000
chr14	11110000	11120000	15.418236443965542	11115000
chr14	11120000	11130000	22.200200674805405	11125000
chr14	11130000	11140000	11.82592881005572	11135000
chr14	11140000	11150000	19.936662972158476	11145000
chr14	11150000	11160000	18.348768714224725	11155000
chr14	11160000	11170000	19.033145970831132	11165000
chr14	11170000	11180000	19.62613686367259	11175000
chr14	11180000	11190000	18.785538547132536	11185000
chr14	11190000	11200000	27.22122160618977	11195000
chr14	11200000	11210000	17.283082474088822	11205000
chr14	11210000	11220000	8.228607108676664	11215000
chr14	11220000	11230000	11.927221148358132	11225000
chr14	11230000	11240000	14.887572459164799	11235000
chr14	11240000	11250000	11.482101898626619	11245000
chr14	11250000	11260000	14.700984103731813	11255000
chr14	11260000	11270000	15.855417575602727	11265000
chr14	11270000	11280000	12.198070222456904	11275000
chr14	11280000	11290000	12.71104974099496	11285000
chr14	11290000	11300000	14.373211861404119	11295000
chr14	11300000	11310000	16.40179112050359	11305000
chr14	11310000	11320000	14.006581697561268	11315000
chr14	11320000	11330000	12.508105354946132	11325000
chr14	11330000	11340000	10.967022739479805	11335000
chr14	11340000	11350000	16.85433302656207	11345000
chr14	11350000	11360000	12.796009033026046	11355000
chr14	11360000	11370000	10.969391281142752	11365000
chr14	11370000	11380000	11.480585344278767	11375000
chr14	11380000	11390000	9.771532658739808	11385000
chr14	11390000	11400000	5.577936530677912	11395000
chr14	11400000	11410000	8.326411268779221	11405000
chr14	11410000	11420000	12.422969395119857	11415000
chr14	11420000	11430000	10.880634310546833	11425000
chr14	11430000	11440000	9.904030709575338	11435000
chr14	11440000	11450000	10.72690775664627	11445000
chr14	11450000	11460000	11.984673722711852	11455000
chr14	11460000	11470000	14.21220845023254	11465000
chr14	11470000	11480000	10.742246771237458	11475000
chr14	11480000	11490000	8.424674237451322	11485000
chr14	11490000	11500000	7.65961411238999	11495000
chr14	11500000	11510000	6.716812077195869	11505000
chr14	11510000	11520000	6.6881733574036915	11515000
chr14	11520000	11530000	4.862842784474357	11525000
chr14	11530000	11540000	5.871183062484857	11535000
chr14	11540000	11550000	3.8828853761188733	11545000
chr14	11550000	11560000	3.9815955209041256	11555000
chr14	11560000	11570000	5.474498166984161	11565000
chr14	11570000	11580000	4.4644171548022005	11575000
chr14	11580000	11590000	7.197070181478731	11585000
chr14	11590000	11600000	14.130354782724607	11595000
chr14	11600000	11610000	6.636521436552321	11605000
chr14	11610000	11620000	6.463072659830201	11615000
chr14	11620000	11630000	16.337078147989207	11625000
chr14	11630000	11640000	8.688726913017778	11635000
chr14	11640000	11650000	12.707239227099771	11645000
chr14	11650000	11660000	6.606334127892196	11655000
chr14	11660000	11670000	6.698653285962808	11665000
chr14	11670000	11680000	8.179674020871815	11675000
chr14	11680000	11690000	5.1105697706524555	11685000
chr14	11690000	11700000	9.27399094210484	11695000
chr14	11700000	11710000	14.489886380518412	11705000
chr14	11710000	11720000	10.546314353931459	11715000
chr14	11720000	11730000	17.426874697045477	11725000
chr14	11730000	11740000	19.070853735995858	11735000
chr14	11740000	11750000	13.218083668963638	11745000
chr14	11750000	11760000	23.806480186595312	11755000
chr14	11760000	11770000	16.277267792097255	11765000
chr14	11770000	11780000	4.400011785906527	11775000
chr14	11780000	11790000	6.414357477178517	11785000
chr14	11790000	11800000	14.21842704040125	11795000
chr14	11800000	11810000	5.618795770575431	11805000
chr14	11810000	11820000	6.499855084787551	11815000
chr14	11820000	11830000	3.657231001566337	11825000
chr14	11830000	11840000	5.992860847375641	11835000
chr14	11840000	11850000	13.466686382064012	11845000
chr14	11850000	11860000	8.161738918117702	11855000
chr14	11860000	11870000	1.1518969535529442	11865000
chr14	11870000	11880000	2.19427818415393	11875000
chr14	11880000	11890000	2.290354180466485	11885000
chr14	11890000	11900000	6.335367054189456	11895000
chr14	11900000	11910000	7.823626137163891	11905000
chr14	11910000	11920000	15.663767005373805	11915000
chr14	11920000	11930000	9.395302808485823	11925000
chr14	11930000	11940000	8.785449014476015	11935000
chr14	11940000	11950000	5.36117804970583	11945000
chr14	11950000	11960000	12.595897322559697	11955000
chr14	11960000	11970000	6.686006078548237	11965000
chr14	11970000	11980000	6.574510364039283	11975000
chr14	11980000	11990000	7.606220486636963	11985000
chr14	11990000	12000000	14.291197201646494	11995000
chr14	12000000	12010000	13.406927950399758	12005000
chr14	12010000	12020000	11.854406354280435	12015000
chr14	12020000	12030000	19.50767306250013	12025000
chr14	12030000	12040000	14.188647712843533	12035000
chr14	12040000	12050000	18.287533154601864	12045000
chr14	12050000	12060000	12.342094303342495	12055000
chr14	12060000	12070000	12.109269755488736	12065000
chr14	12070000	12080000	10.154418325507043	12075000
chr14	12080000	12090000	8.152682160415964	12085000
chr14	12090000	12100000	23.607512672182082	12095000
chr14	12100000	12110000	22.597685728142725	12105000
chr14	12110000	12120000	18.12396710395854	12115000
chr14	12120000	12130000	13.545962045136546	12125000
chr14	12130000	12140000	16.91034207634629	12135000
chr14	12140000	12150000	15.342108035541944	12145000
chr14	12150000	12160000	9.852836362345261	12155000
chr14	12160000	12170000	12.30269700229687	12165000
chr14	12170000	12180000	21.744543729039997	12175000
chr14	12180000	12190000	10.956990145096482	12185000
chr14	12190000	12200000	9.925470738839191	12195000
chr14	12200000	12210000	24.525929762907115	12205000
chr14	12210000	12220000	32.37189399510928	12215000
chr14	12220000	12230000	27.368931862798025	12225000
chr14	12230000	12240000	14.38761786055649	12235000
chr14	12240000	12250000	12.723041789300902	12245000
chr14	12250000	12260000	16.572309345473624	12255000
chr14	12260000	12270000	16.16698837725203	12265000
chr14	12270000	12280000	7.2282534327925765	12275000
chr14	12280000	12290000	20.0012081561754	12285000
chr14	12290000	12300000	6.509338727330279	12295000
chr14	12300000	12310000	15.848378312931906	12305000
chr14	12310000	12320000	16.285949680333122	12315000
chr14	12320000	12330000	26.845370366695242	12325000
chr14	12330000	12340000	23.47277348579758	12335000
chr14	12340000	12350000	11.117804238364043	12345000
chr14	12350000	12360000	13.577004754627472	12355000
chr14	12360000	12370000	15.646525344397077	12365000
chr14	12370000	12380000	8.010413545118624	12375000
chr14	12380000	12390000	9.395359254418592	12385000
chr14	12390000	12400000	11.626620810702699	12395000
chr14	12400000	12410000	12.874417056468932	12405000
chr14	12410000	12420000	30.29291103200359	12415000
chr14	12420000	12430000	26.217234433482393	12425000
chr14	12430000	12440000	21.33156603227028	12435000
chr14	12440000	12450000	21.820087896018904	12445000
chr14	12450000	12460000	18.52502167705726	12455000
chr14	12460000	12470000	9.44969655360328	12465000
chr14	12470000	12480000	24.531971968491995	12475000
chr14	12480000	12490000	11.309493013436184	12485000
chr14	12490000	12500000	8.074846539050906	12495000
chr14	12500000	12510000	18.678554773274147	12505000
chr14	12510000	12520000	14.960788638376071	12515000
chr14	12520000	12530000	17.86299212013113	12525000
chr14	12530000	12540000	11.988025310097614	12535000
chr14	12540000	12550000	8.552755884018152	12545000
chr14	12550000	12560000	7.004135962086589	12555000
chr14	12560000	12570000	12.316833519361323	12565000
chr14	12570000	12580000	12.15352273917009	12575000
chr14	12580000	12590000	12.244409751112313	12585000
chr14	12590000	12600000	16.025117331576336	12595000
chr14	12600000	12610000	11.71174956254044	12605000
chr14	12610000	12620000	11.251341669760752	12615000
chr14	12620000	12630000	15.443090336406454	12625000
chr14	12630000	12640000	13.052287653754366	12635000
chr14	12640000	12650000	12.164561750265134	12645000
chr14	12650000	12660000	20.89620536666513	12655000
chr14	12660000	12670000	20.175696241214208	12665000
chr14	12670000	12680000	16.9937854408192	12675000
chr14	12680000	12690000	16.12603615415836	12685000
chr14	12690000	12700000	16.885047114445257	12695000
chr14	12700000	12710000	7.258266202837748	12705000
chr14	12710000	12720000	18.165733345980055	12715000
chr14	12720000	12730000	15.855814187031879	12725000
chr14	12730000	12740000	14.07519710854867	12735000
chr14	12740000	12750000	16.224660519739647	12745000
chr14	12750000	12760000	14.179371370015513	12755000
chr14	12760000	12770000	20.04447778292697	12765000
chr14	12770000	12780000	17.933224359769486	12775000
chr14	12780000	12790000	19.52340853814855	12785000
chr14	12790000	12800000	13.929622644473783	12795000
chr14	12800000	12810000	18.295991783892266	12805000
chr14	12810000	12820000	16.850187448987924	12815000
chr14	12820000	12830000	17.264634660816252	12825000
chr14	12830000	12840000	15.94714556693873	12835000
chr14	12840000	12850000	11.888238829165113	12845000
chr14	12850000	12860000	15.3638817359001	12855000
chr14	12860000	12870000	16.235018478678864	12865000
chr14	12870000	12880000	19.00613055553865	12875000
chr14	12880000	12890000	15.756342710976032	12885000
chr14	12890000	12900000	26.63522084204356	12895000
chr14	12900000	12910000	25.34336193072462	12905000
chr14	12910000	12920000	23.63986977482101	12915000
chr14	12920000	12930000	17.824439055272105	12925000
chr14	12930000	12940000	18.74897194235855	12935000
chr14	12940000	12950000	21.389835007630378	12945000
chr14	12950000	12960000	23.58043738713474	12955000
chr14	12960000	12970000	17.508773139819063	12965000
chr14	12970000	12980000	20.473082424278793	12975000
chr14	12980000	12990000	16.034196476813193	12985000
chr14	12990000	13000000	22.48607472834701	12995000
chr14	13000000	13010000	37.11285124992964	13005000
chr14	13010000	13020000	18.177127290074605	13015000
chr14	13020000	13030000	22.459343139802442	13025000
chr14	13030000	13040000	25.280430193467005	13035000
chr14	13040000	13050000	16.881206263991015	13045000
chr14	13050000	13060000	9.637463044916034	13055000
chr14	13060000	13070000	17.61743384254659	13065000
chr14	13070000	13080000	10.934716621110118	13075000
chr14	13080000	13090000	12.549433464160918	13085000
chr14	13090000	13100000	14.794908824020546	13095000
chr14	13100000	13110000	24.55603029561647	13105000
chr14	13110000	13120000	22.51766332603482	13115000
chr14	13120000	13130000	17.620217740746508	13125000
chr14	13130000	13140000	21.010619041662228	13135000
chr14	13140000	13150000	18.48677349180388	13145000
chr14	13150000	13160000	22.363298864048087	13155000
chr14	13160000	13170000	25.267112563404556	13165000
chr14	13170000	13180000	42.17725957739781	13175000
chr14	13180000	13190000	37.15686263622291	13185000
chr14	13190000	13200000	29.326195982301392	13195000
chr14	13200000	13210000	26.83623869261937	13205000
chr14	13210000	13220000	38.24541541378706	13215000
chr14	13220000	13230000	27.266136198785002	13225000
chr14	13230000	13240000	30.231834177402526	13235000
chr14	13240000	13250000	40.861351995375436	13245000
chr14	13250000	13260000	32.783314325214846	13255000
chr14	13260000	13270000	25.39680999496487	13265000
chr14	13270000	13280000	21.732363399211323	13275000
chr14	13280000	13290000	13.244212780348942	13285000
chr14	13290000	13300000	13.030871880664685	13295000
chr14	13300000	13310000	9.161054503103479	13305000
chr14	13310000	13320000	26.407390654247752	13315000
chr14	13320000	13330000	15.226347538219542	13325000
chr14	13330000	13340000	14.095069308805924	13335000
chr14	13340000	13350000	27.137628581173153	13345000
chr14	13350000	13360000	23.996485098997002	13355000
chr14	13360000	13370000	21.53058134265094	13365000
chr14	13370000	13380000	17.428454211711053	13375000
chr14	13380000	13390000	25.2554040980745	13385000
chr14	13390000	13400000	13.454448323962247	13395000
chr14	13400000	13410000	16.658387911430648	13405000
chr14	13410000	13420000	7.233960717604492	13415000
chr14	13420000	13430000	13.614905891077242	13425000
chr14	13430000	13440000	8.679956874612266	13435000
chr14	13440000	13450000	11.715620412136955	13445000
chr14	13450000	13460000	13.15128080424946	13455000
chr14	13460000	13470000	20.158490660016863	13465000
chr14	13470000	13480000	22.32627749211985	13475000
chr14	13480000	13490000	26.082152742187848	13485000
chr14	13490000	13500000	14.604606087003365	13495000
chr14	13500000	13510000	19.984554923948316	13505000
chr14	13510000	13520000	23.61144558904236	13515000
chr14	13520000	13530000	18.778885504543645	13525000
chr14	13530000	13540000	19.596175022868138	13535000
chr14	13540000	13550000	17.993889804278638	13545000
chr14	13550000	13560000	20.4300935436584	13555000
chr14	13560000	13570000	22.78612311851584	13565000
chr14	13570000	13580000	25.755971498060937	13575000
chr14	13580000	13590000	21.464236814511523	13585000
chr14	13590000	13600000	30.002467032041558	13595000
chr14	13600000	13610000	22.60640745164403	13605000
chr14	13610000	13620000	22.602548601218878	13615000
chr14	13620000	13630000	22.428811728330142	13625000
chr14	13630000	13640000	26.32589584764446	13635000
chr14	13640000	13650000	27.673735548326583	13645000
chr14	13650000	13660000	32.94749072226954	13655000
chr14	13660000	13670000	28.219873331196155	13665000
chr14	13670000	13680000	28.190525518126083	13675000
chr14	13680000	13690000	28.489099757285757	13685000
chr14	13690000	13700000	27.388300550506898	13695000
chr14	13700000	13710000	26.310135977400883	13705000
chr14	13710000	13720000	24.15772558521381	13715000
chr14	13720000	13730000	30.432552153631796	13725000
chr14	13730000	13740000	31.173936444576352	13735000
chr14	13740000	13750000	31.09901386533612	13745000
chr14	13750000	13760000	32.968304759150946	13755000
chr14	13760000	13770000	37.92016539891363	13765000
chr14	13770000	13780000	36.4428604009946	13775000
chr14	13780000	13790000	34.568339672721955	13785000
chr14	13790000	13800000	37.08548782430663	13795000
chr14	13800000	13810000	32.865525433740785	13805000
chr14	13810000	13820000	29.63018328678593	13815000
chr14	13820000	13830000	31.583815524170863	13825000
chr14	13830000	13840000	29.30281014976182	13835000
chr14	13840000	13850000	27.826040682396147	13845000
chr14	13850000	13860000	27.330689701662536	13855000
chr14	13860000	13870000	23.16835994991566	13865000
chr14	13870000	13880000	24.709555908921917	13875000
chr14	13880000	13890000	24.221357119123223	13885000
chr14	13890000	13900000	23.716450429125736	13895000
chr14	13900000	13910000	25.995489305192514	13905000
chr14	13910000	13920000	27.301787480399202	13915000
chr14	13920000	13930000	20.494480856940843	13925000
chr14	13930000	13940000	12.914864618810691	13935000
chr14	13940000	13950000	15.606058554454636	13945000
chr14	13950000	13960000	14.80027732625519	13955000
chr14	13960000	13970000	23.27334201638789	13965000
chr14	13970000	13980000	21.362003062296786	13975000
chr14	13980000	13990000	21.879450085940295	13985000
chr14	13990000	14000000	26.16176541473133	13995000
chr14	14000000	14010000	23.565124958446297	14005000
chr14	14010000	14020000	16.42545408339658	14015000
chr14	14020000	14030000	22.61929683240517	14025000
chr14	14030000	14040000	12.033222904931025	14035000
chr14	14040000	14050000	12.055283887653479	14045000
chr14	14050000	14060000	13.752208143778207	14055000
chr14	14060000	14070000	32.02623816666385	14065000
chr14	14070000	14080000	25.119103857635228	14075000
chr14	14080000	14090000	21.80368996578092	14085000
chr14	14090000	14100000	16.302497175231682	14095000
chr14	14100000	14110000	16.570537614575915	14105000
chr14	14110000	14120000	21.938585936839296	14115000
chr14	14120000	14130000	38.75310489269394	14125000
chr14	14130000	14140000	21.894252792653734	14135000
chr14	14140000	14150000	22.925127806446778	14145000
chr14	14150000	14160000	18.39542672989826	14155000
chr14	14160000	14170000	24.93094433012766	14165000
chr14	14170000	14180000	23.46196948974901	14175000
chr14	14180000	14190000	13.229240195920319	14185000
chr14	14190000	14200000	21.634343204146717	14195000
chr14	14200000	14210000	9.304475051318084	14205000
chr14	14210000	14220000	8.993119630700582	14215000
chr14	14220000	14230000	15.734427502774942	14225000
chr14	14230000	14240000	9.490784662107933	14235000
chr14	14240000	14250000	20.922989881848864	14245000
chr14	14250000	14260000	8.86214028006051	14255000
chr14	14260000	14270000	7.594044436934681	14265000
chr14	14270000	14280000	8.056268367954596	14275000
chr14	14280000	14290000	9.64580224270282	14285000
chr14	14290000	14300000	11.949985098070648	14295000
chr14	14300000	14310000	17.606869813880117	14305000
chr14	14310000	14320000	17.35576317723114	14315000
chr14	14320000	14330000	13.724169323796746	14325000
chr14	14330000	14340000	21.907073911677355	14335000
chr14	14340000	14350000	23.892986297640253	14345000
chr14	14350000	14360000	23.198894618310035	14355000
chr14	14360000	14370000	26.360352418296497	14365000
chr14	14370000	14380000	24.379528486128702	14375000
chr14	14380000	14390000	22.415791751190287	14385000
chr14	14390000	14400000	21.456225713912257	14395000
chr14	14400000	14410000	22.008335535846708	14405000
chr14	14410000	14420000	24.953008141764425	14415000
chr14	14420000	14430000	24.62552042027668	14425000
chr14	14430000	14440000	22.850650077991855	14435000
chr14	14440000	14450000	23.38970313526973	14445000
chr14	14450000	14460000	23.398753808827355	14455000
chr14	14460000	14470000	19.305228192849313	14465000
chr14	14470000	14480000	19.701639616353614	14475000
chr14	14480000	14490000	26.784219856205965	14485000
chr14	14490000	14500000	31.062453444331823	14495000
chr14	14500000	14510000	30.022001841801128	14505000
chr14	14510000	14520000	22.491022950496493	14515000
chr14	14520000	14530000	23.49496072510457	14525000
chr14	14530000	14540000	30.671191475369678	14535000
chr14	14540000	14550000	30.567372096953132	14545000
chr14	14550000	14560000	14.60202038463979	14555000
chr14	14560000	14570000	28.18744567619459	14565000
chr14	14570000	14580000	29.840126277843602	14575000
chr14	14580000	14590000	37.47731056666452	14585000
chr14	14590000	14600000	33.44874870224112	14595000
chr14	14600000	14610000	26.70683728064154	14605000
chr14	14610000	14620000	23.462760059732293	14615000
chr14	14620000	14630000	14.545753684047925	14625000
chr14	14630000	14640000	14.576113599700959	14635000
chr14	14640000	14650000	16.380624489624573	14645000
chr14	14650000	14660000	24.108620255257655	14655000
chr14	14660000	14670000	18.711714564290567	14665000
chr14	14670000	14680000	15.372595773705182	14675000
chr14	14680000	14690000	16.390314697236196	14685000
chr14	14690000	14700000	9.017314957025125	14695000
chr14	14700000	14710000	8.333314215533383	14705000
chr14	14710000	14720000	12.196770414959063	14715000
chr14	14720000	14730000	24.359812946639646	14725000
chr14	14730000	14740000	25.795860432093654	14735000
chr14	14740000	14750000	23.960385619905292	14745000
chr14	14750000	14760000	30.87365375748568	14755000
chr14	14760000	14770000	26.364148816893813	14765000
chr14	14770000	14780000	33.1233134724319	14775000
chr14	14780000	14790000	24.085591432248698	14785000
chr14	14790000	14800000	25.307143907364004	14795000
chr14	14800000	14810000	38.82565552109194	14805000
chr14	14810000	14820000	35.647775378897556	14815000
chr14	14820000	14830000	22.908266240857056	14825000
chr14	14830000	14840000	21.06391257691665	14835000
chr14	14840000	14850000	22.93589912271419	14845000
chr14	14850000	14860000	18.16220601450123	14855000
chr14	14860000	14870000	21.57969451187785	14865000
chr14	14870000	14880000	23.444552369346795	14875000
chr14	14880000	14890000	20.139426620626743	14885000
chr14	14890000	14900000	27.95336034683692	14895000
chr14	14900000	14910000	23.471531192689994	14905000
chr14	14910000	14920000	18.566256918112696	14915000
chr14	14920000	14930000	20.79288358529212	14925000
chr14	14930000	14940000	17.433783567808614	14935000
chr14	14940000	14950000	16.874038493387978	14945000
chr14	14950000	14960000	20.199540014868198	14955000
chr14	14960000	14970000	24.682364161358244	14965000
chr14	14970000	14980000	20.938346708129853	14975000
chr14	14980000	14990000	39.54564296398047	14985000
chr14	14990000	15000000	24.461966089768637	14995000
chr14	15000000	15010000	28.469474920797616	15005000
chr14	15010000	15020000	32.45079586911975	15015000
chr14	15020000	15030000	33.799503009834034	15025000
chr14	15030000	15040000	27.226492953673834	15035000
chr14	15040000	15050000	22.903412309514454	15045000
chr14	15050000	15060000	36.570172978016494	15055000
chr14	15060000	15070000	43.95176431380676	15065000
chr14	15070000	15080000	40.778627559390195	15075000
chr14	15080000	15090000	36.31829028146464	15085000
chr14	15090000	15100000	22.13144468292197	15095000
chr14	15100000	15110000	21.926107899781226	15105000
chr14	15110000	15120000	16.353631651394874	15115000
chr14	15120000	15130000	24.69095448851533	15125000
chr14	15130000	15140000	23.608891099326144	15135000
chr14	15140000	15150000	14.994413273635413	15145000
chr14	15150000	15160000	23.235840402853746	15155000
chr14	15160000	15170000	14.69710768287358	15165000
chr14	15170000	15180000	19.296940253662815	15175000
chr14	15180000	15190000	23.57575251256663	15185000
chr14	15190000	15200000	25.398573467113327	15195000
chr14	15200000	15210000	13.381676516791279	15205000
chr14	15210000	15220000	10.637529867439838	15215000
chr14	15220000	15230000	7.767928058624977	15225000
chr14	15230000	15240000	8.243355493975661	15235000
chr14	15240000	15250000	7.7245958440632005	15245000
chr14	15250000	15260000	10.799669460398361	15255000
chr14	15260000	15270000	10.322894918868323	15265000
chr14	15270000	15280000	11.986075782793383	15275000
chr14	15280000	15290000	14.766647938044775	15285000
chr14	15290000	15300000	9.453175407003682	15295000
chr14	15300000	15310000	6.89035685132239	15305000
chr14	15310000	15320000	8.14285220268397	15315000
chr14	15320000	15330000	10.374485348203361	15325000
chr14	15330000	15340000	9.195640989995084	15335000
chr14	15340000	15350000	20.528541233819954	15345000
chr14	15350000	15360000	14.848709834186948	15355000
chr14	15360000	15370000	7.803931509744082	15365000
chr14	15370000	15380000	8.69549467645537	15375000
chr14	15380000	15390000	9.735245642005292	15385000
chr14	15390000	15400000	15.824626951718907	15395000
chr14	15400000	15410000	21.575051169234428	15405000
chr14	15410000	15420000	16.277720084387497	15415000
chr14	15420000	15430000	21.54437430880966	15425000
chr14	15430000	15440000	14.427906851072866	15435000
chr14	15440000	15450000	24.68460356943794	15445000
chr14	15450000	15460000	30.141172346590945	15455000
chr14	15460000	15470000	13.150376082787844	15465000
chr14	15470000	15480000	11.252577363825436	15475000
chr14	15480000	15490000	16.534520810517858	15485000
chr14	15490000	15500000	10.548258724147312	15495000
chr14	15500000	15510000	15.004777474172641	15505000
chr14	15510000	15520000	31.919687910765994	15515000
chr14	15520000	15530000	18.17099813326939	15525000
chr14	15530000	15540000	23.15577458023033	15535000
chr14	15540000	15550000	35.555062336406046	15545000
chr14	15550000	15560000	37.93477795407023	15555000
chr14	15560000	15570000	25.860429861437606	15565000
chr14	15570000	15580000	29.338596620618148	15575000
chr14	15580000	15590000	31.086842271313763	15585000
chr14	15590000	15600000	32.461479885365485	15595000
chr14	15600000	15610000	27.105413390598333	15605000
chr14	15610000	15620000	20.496873888295486	15615000
chr14	15620000	15630000	27.68909158135838	15625000
chr14	15630000	15640000	26.081755446817002	15635000
chr14	15640000	15650000	32.57904465742425	15645000
chr14	15650000	15660000	31.75131047965491	15655000
chr14	15660000	15670000	27.83783625854237	15665000
chr14	15670000	15680000	24.26693956442166	15675000
chr14	15680000	15690000	20.839708207675436	15685000
chr14	15690000	15700000	22.67884720606634	15695000
chr14	15700000	15710000	38.903642468603294	15705000
chr14	15710000	15720000	51.01549967553299	15715000
chr14	15720000	15730000	37.42649523840704	15725000
chr14	15730000	15740000	62.29285010538152	15735000
chr14	15740000	15750000	40.60210170421836	15745000
chr14	15750000	15760000	39.37458495629862	15755000
chr14	15760000	15770000	41.601035263788376	15765000
chr14	15770000	15780000	25.829146892710344	15775000
chr14	15780000	15790000	32.66222052150755	15785000
chr14	15790000	15800000	54.7462662231746	15795000
chr14	15800000	15810000	29.09886167684185	15805000
chr14	15810000	15820000	40.83974904301111	15815000
chr14	15820000	15830000	20.857653747885436	15825000
chr14	15830000	15840000	40.328839349660186	15835000
chr14	15840000	15850000	30.05960027798015	15845000
chr14	15850000	15860000	33.95830067570231	15855000
chr14	15860000	15870000	46.63249811292454	15865000
chr14	15870000	15880000	31.33235264194675	15875000
chr14	15880000	15890000	29.585869384137332	15885000
chr14	15890000	15900000	35.115182039213444	15895000
chr14	15900000	15910000	44.588937142042326	15905000
chr14	15910000	15920000	49.70362075632474	15915000
chr14	15920000	15930000	54.027700191439216	15925000
chr14	15930000	15940000	51.938615790358426	15935000
chr14	15940000	15950000	47.04282059902458	15945000
chr14	15950000	15960000	57.5135781052691	15955000
chr14	15960000	15970000	49.44716698132256	15965000
chr14	15970000	15980000	44.172733194207126	15975000
chr14	15980000	15990000	40.83182512000457	15985000
chr14	15990000	16000000	21.776129811720523	15995000
chr14	16000000	16010000	47.31688091534465	16005000
chr14	16010000	16020000	55.6194900516253	16015000
chr14	16020000	16030000	34.68038559718423	16025000
chr14	16030000	16040000	38.07201711828499	16035000
chr14	16040000	16050000	40.53578239138741	16045000
chr14	16050000	16060000	41.42825082611049	16055000
chr14	16060000	16070000	35.963884143476186	16065000
chr14	16070000	16080000	48.212035710806425	16075000
chr14	16080000	16090000	55.3092914931084	16085000
chr14	16090000	16100000	57.782074732074065	16095000
chr14	16100000	16110000	43.99853055710281	16105000
chr14	16110000	16120000	39.45823330393213	16115000
chr14	16120000	16130000	47.36602587753281	16125000
chr14	16130000	16140000	45.011161824061624	16135000
chr14	16140000	16150000	39.46147525838568	16145000
chr14	16150000	16160000	42.75075473740424	16155000
chr14	16160000	16170000	37.04043889585624	16165000
chr14	16170000	16180000	39.3072327643108	16175000
chr14	16180000	16190000	40.21310256745202	16185000
chr14	16190000	16200000	38.69201696323293	16195000
chr14	16200000	16210000	35.56600706020873	16205000
chr14	16210000	16220000	31.96658854235912	16215000
chr14	16220000	16230000	43.03765262080449	16225000
chr14	16230000	16240000	42.59346064345217	16235000
chr14	16240000	16250000	42.8670409749383	16245000
chr14	16250000	16260000	37.92285741699667	16255000
chr14	16260000	16270000	38.496640621406364	16265000
chr14	16270000	16280000	50.27712394207781	16275000
chr14	16280000	16290000	39.518682000426935	16285000
chr14	16290000	16300000	50.10070896724605	16295000
chr14	16300000	16310000	38.05636754302268	16305000
chr14	16310000	16320000	32.13046663798172	16315000
chr14	16320000	16330000	35.45442425226041	16325000
chr14	16330000	16340000	49.95487092843455	16335000
chr14	16340000	16350000	50.697258643695776	16345000
chr14	16350000	16360000	51.81476355327843	16355000
chr14	16360000	16370000	51.87426249769794	16365000
chr14	16370000	16380000	51.90074823967875	16375000
chr14	16380000	16390000	51.91088106276687	16385000
chr14	16390000	16400000	51.74507691727621	16395000
chr14	16400000	16410000	51.773345246015	16405000
chr14	16410000	16420000	51.812606852099314	16415000
chr14	16420000	16430000	51.79625376315627	16425000
chr14	16430000	16440000	48.626280818327494	16435000
chr14	16440000	16450000	32.46902833890526	16445000
chr14	16450000	16460000	49.0735936700973	16455000
chr14	16460000	16470000	59.84004547248985	16465000
chr14	16470000	16480000	81.17902237100033	16475000
chr14	16480000	16490000	88.88818905228682	16485000
chr14	16490000	16500000	87.27202041711527	16495000
chr14	16500000	16510000	79.83517412566107	16505000
chr14	16510000	16520000	25.989595516795998	16515000
chr14	16520000	16530000	33.28168535563232	16525000
chr14	16530000	16540000	36.55138423370121	16535000
chr14	16540000	16550000	37.77215149162552	16545000
chr14	16550000	16560000	39.47061416518535	16555000
chr14	16560000	16570000	35.16271096336867	16565000
chr14	16570000	16580000	33.6189489116905	16575000
chr14	16580000	16590000	38.404287086649845	16585000
chr14	16590000	16600000	37.61591858266144	16595000
chr14	16600000	16610000	42.251262171010545	16605000
chr14	16610000	16620000	58.41144272301989	16615000
chr14	16620000	16630000	63.23489128481772	16625000
chr14	16630000	16640000	61.25301686693238	16635000
chr14	16640000	16650000	65.33495220060988	16645000
chr14	16650000	16660000	65.50006507539625	16655000
chr14	16660000	16670000	69.97431224712976	16665000
chr14	16670000	16680000	70.20646307195328	16675000
chr14	16680000	16690000	69.0291050504924	16685000
chr14	16690000	16700000	138.1309505007508	16695000
chr14	16700000	16710000	105.59213433671447	16705000
chr14	16710000	16720000	75.37590923865304	16715000
chr14	16720000	16730000	89.27245630653	16725000
chr14	16730000	16740000	59.864797487606936	16735000
chr14	16740000	16750000	44.822659165327465	16745000
chr14	16750000	16760000	38.65458701778015	16755000
chr14	16760000	16770000	73.28852059844282	16765000
chr14	16770000	16780000	63.02933340096639	16775000
chr14	16780000	16790000	58.42166307617226	16785000
chr14	16790000	16800000	64.14310794819329	16795000
chr14	16800000	16810000	62.08263391590635	16805000
chr14	16810000	16820000	66.95959030220259	16815000
chr14	16820000	16830000	70.40229336418658	16825000
chr14	16830000	16840000	83.66328163899303	16835000
chr14	16840000	16850000	82.26200430642149	16845000
chr14	16850000	16860000	71.804797276455	16855000
chr14	16860000	16870000	71.80479727645505	16865000
chr14	16870000	16880000	71.80479727645515	16875000
chr14	16880000	16890000	71.80479727645502	16885000
chr14	16890000	16900000	71.80479727645496	16895000
chr14	16900000	16910000	71.80479727645516	16905000
chr14	16910000	16920000	71.8047972764552	16915000
chr14	16920000	16930000	71.80479727645489	16925000
chr14	16930000	16940000	83.4747146325304	16935000
chr14	16940000	16950000	89.85666856332664	16945000
chr14	16950000	16960000	100.01848499320654	16955000
chr14	16960000	16970000	74.67260762810297	16965000
chr14	16970000	16980000	102.14628340674734	16975000
chr14	16980000	16990000	102.08415519966712	16985000
chr14	16990000	17000000	109.90348425305913	16995000
chr14	17000000	17010000	69.85301819837656	17005000
chr14	17010000	17020000	63.31699440948661	17015000
chr14	17020000	17030000	64.72535671335356	17025000
chr14	17030000	17040000	62.86196130259973	17035000
chr14	17040000	17050000	62.62975674780556	17045000
chr14	17050000	17060000	62.39051563683965	17055000
chr14	17060000	17070000	63.321224021376956	17065000
chr14	17070000	17080000	86.52930516746473	17075000
chr14	17080000	17090000	86.7364644952141	17085000
chr14	17090000	17100000	59.28022628794789	17095000
chr14	17100000	17110000	89.28106108382043	17105000
chr14	17110000	17120000	78.21321568786698	17115000
chr14	17120000	17130000	52.0105747443396	17125000
chr14	17130000	17140000	73.95263266656735	17135000
chr14	17140000	17150000	80.87929736647763	17145000
chr14	17150000	17160000	80.60267609732276	17155000
chr14	17160000	17170000	78.85015865600333	17165000
chr14	17170000	17180000	92.92454449077455	17175000
chr14	17180000	17190000	77.79960106462462	17185000
chr14	17190000	17200000	56.12257489259923	17195000
chr14	17200000	17210000	67.28735669880216	17205000
chr14	17210000	17220000	91.62024053370965	17215000
chr14	17220000	17230000	108.93151953141606	17225000
chr14	17230000	17240000	94.21095758561566	17235000
chr14	17240000	17250000	62.47223291471961	17245000
chr14	17250000	17260000	60.98716361089395	17255000
chr14	17260000	17270000	56.084822607974985	17265000
chr14	17270000	17280000	61.23249313282025	17275000
chr14	17280000	17290000	67.28543314995224	17285000
chr14	17290000	17300000	65.28626073033206	17295000
chr14	17300000	17310000	61.428491922707046	17305000
chr14	17310000	17320000	59.58888122871567	17315000
chr14	17320000	17330000	66.05790118139734	17325000
chr14	17330000	17340000	68.02590190666356	17335000
chr14	17340000	17350000	70.1296737757666	17345000
chr14	17350000	17360000	71.00713020395652	17355000
chr14	17360000	17370000	70.96484775254949	17365000
chr14	17370000	17380000	70.74077538339516	17375000
chr14	17380000	17390000	65.66717369308213	17385000
chr14	17390000	17400000	69.79152179408636	17395000
chr14	17400000	17410000	92.89337064106108	17405000
chr14	17410000	17420000	99.50922205867657	17415000
chr14	17420000	17430000	108.74258479413311	17425000
chr14	17430000	17440000	93.42973280847887	17435000
chr14	17440000	17450000	54.69751892114358	17445000
chr14	17450000	17460000	61.183927899698986	17455000
chr14	17460000	17470000	55.44172028736189	17465000
chr14	17470000	17480000	56.87315376055064	17475000
chr14	17480000	17490000	55.90077283873065	17485000
chr14	17490000	17500000	41.087122885739866	17495000
chr14	17500000	17510000	53.12072644361827	17505000
chr14	17510000	17520000	68.86816963016774	17515000
chr14	17520000	17530000	57.77449836167756	17525000
chr14	17530000	17540000	54.096942770272335	17535000
chr14	17540000	17550000	51.68734181307239	17545000
chr14	17550000	17560000	47.96753502371655	17555000
chr14	17560000	17570000	55.12915423770536	17565000
chr14	17570000	17580000	70.09089648230258	17575000
chr14	17580000	17590000	55.198759306380666	17585000
chr14	17590000	17600000	30.58597357039713	17595000
chr14	17600000	17610000	20.609610668668438	17605000
chr14	17610000	17620000	59.25936903130144	17615000
chr14	17620000	17630000	29.020183840691736	17625000
chr14	17630000	17640000	37.160604257986954	17635000
chr14	17640000	17650000	30.664246943550992	17645000
chr14	17650000	17660000	28.231832180763682	17655000
chr14	17660000	17670000	28.65483393932986	17665000
chr14	17670000	17680000	26.98650936581248	17675000
chr14	17680000	17690000	32.790757631654486	17685000
chr14	17690000	17700000	25.373502659786688	17695000
chr14	17700000	17710000	26.936231202087146	17705000
chr14	17710000	17720000	30.27544616737793	17715000
chr14	17720000	17730000	34.05001211706079	17725000
chr14	17730000	17740000	32.22319787420003	17735000
chr14	17740000	17750000	38.21741747227417	17745000
chr14	17750000	17760000	75.54628107416329	17755000
chr14	17760000	17770000	53.80228644399542	17765000
chr14	17770000	17780000	25.795209184667186	17775000
chr14	17780000	17790000	31.757564838793904	17785000
chr14	17790000	17800000	33.09426773536822	17795000
chr14	17800000	17810000	42.53949271532614	17805000
chr14	17810000	17820000	35.442687971105755	17815000
chr14	17820000	17830000	47.9657874748494	17825000
chr14	17830000	17840000	58.91903149717115	17835000
chr14	17840000	17850000	64.59774729966227	17845000
chr14	17850000	17860000	66.81202690926462	17855000
chr14	17860000	17870000	63.38151040978454	17865000
chr14	17870000	17880000	62.981901373597545	17875000
chr14	17880000	17890000	59.61379430801219	17885000
chr14	17890000	17900000	57.179862942916095	17895000
chr14	17900000	17910000	68.69364648174047	17905000
chr14	17910000	17920000	82.3596303716427	17915000
chr14	17920000	17930000	95.33676721410257	17925000
chr14	17930000	17940000	95.33676721410248	17935000
chr14	17940000	17950000	95.33676721410265	17945000
chr14	17950000	17960000	95.33676721410247	17955000
chr14	17960000	17970000	95.33676721410242	17965000
chr14	17970000	17980000	95.33676721410251	17975000
chr14	17980000	17990000	95.33676721410146	17985000
chr14	17990000	18000000	95.33676721410262	17995000
chr14	18000000	18010000	83.97451169206792	18005000
chr14	18010000	18020000	61.23944344714579	18015000
chr14	18020000	18030000	70.04503413818253	18025000
chr14	18030000	18040000	88.6413454801615	18035000
chr14	18040000	18050000	90.84189824507419	18045000
chr14	18050000	18060000	84.13003891393815	18055000
chr14	18060000	18070000	26.46463838996018	18065000
chr14	18070000	18080000	35.197763629255974	18075000
chr14	18080000	18090000	47.442688303267204	18085000
chr14	18090000	18100000	42.52601161512689	18095000
chr14	18100000	18110000	33.798488320926815	18105000
chr14	18110000	18120000	48.18735192008794	18115000
chr14	18120000	18130000	58.65453742536172	18125000
chr14	18130000	18140000	60.669517335725374	18135000
chr14	18140000	18150000	64.22043644155026	18145000
chr14	18150000	18160000	94.8693555765944	18155000
chr14	18160000	18170000	116.20212113838474	18165000
chr14	18170000	18180000	90.07444740724122	18175000
chr14	18180000	18190000	88.25888329984738	18185000
chr14	18190000	18200000	84.97998642470738	18195000
chr14	18200000	18210000	84.97998642470746	18205000
chr14	18210000	18220000	84.97998642470752	18215000
chr14	18220000	18230000	84.97998642470753	18225000
chr14	18230000	18240000	84.97998642470748	18235000
chr14	18240000	18250000	84.97998642470753	18245000
chr14	18250000	18260000	84.9799864247076	18255000
chr14	18260000	18270000	84.97998642470755	18265000
chr14	18270000	18280000	84.97998642470738	18275000
chr14	18280000	18290000	62.958384085353345	18285000
chr14	18290000	18300000	52.616088511191194	18295000
chr14	18300000	18310000	50.53995752966793	18305000
chr14	18310000	18320000	48.382253180063	18315000
chr14	18320000	18330000	49.98942205538349	18325000
chr14	18330000	18340000	49.62954049089311	18335000
chr14	18340000	18350000	49.25133310370491	18345000
chr14	18350000	18360000	48.58936389134055	18355000
chr14	18360000	18370000	51.576797999868084	18365000
chr14	18370000	18380000	50.40757236837026	18375000
chr14	18380000	18390000	49.09276656246944	18385000
chr14	18390000	18400000	52.39245788776431	18395000
chr14	18400000	18410000	50.81906661759711	18405000
chr14	18410000	18420000	46.45017706396264	18415000
chr14	18420000	18430000	46.831184126322256	18425000
chr14	18430000	18440000	44.29633779709517	18435000
chr14	18440000	18450000	44.296337797095184	18445000
chr14	18450000	18460000	44.296337797095184	18455000
chr14	18460000	18470000	44.296337797095156	18465000
chr14	18470000	18480000	44.296337797095234	18475000
chr14	18480000	18490000	44.29633779709518	18485000
chr14	18490000	18500000	44.29633779709514	18495000
chr14	18500000	18510000	44.29633779709523	18505000
chr14	18510000	18520000	44.29633779709525	18515000
chr14	18520000	18530000	44.29633779709519	18525000
chr14	18530000	18540000	44.29633779709523	18535000
chr14	18540000	18550000	44.296337797095184	18545000
chr14	18550000	18560000	44.29633779709517	18555000
chr14	18560000	18570000	44.29633779709518	18565000
chr14	18570000	18580000	44.29633779709516	18575000
chr14	18580000	18590000	44.29633779709518	18585000
chr14	18590000	18600000	42.88816696921995	18595000
chr14	18600000	18610000	43.58653418071942	18605000
chr14	18610000	18620000	29.081603277918326	18615000
chr14	18620000	18630000	31.740897898342	18625000
chr14	18630000	18640000	38.32476707164956	18635000
chr14	18640000	18650000	24.902693550227706	18645000
chr14	18650000	18660000	10.30874886838339	18655000
chr14	18660000	18670000	5.988281145873504	18665000
chr14	18670000	18680000	10.738506253980344	18675000
chr14	18680000	18690000	12.065921459235703	18685000
chr14	18690000	18700000	7.496871804434273	18695000
chr14	18700000	18710000	14.884175756472507	18705000
chr14	18710000	18720000	10.070532030090131	18715000
chr14	18720000	18730000	5.7839086281219725	18725000
chr14	18730000	18740000	3.4716581584365946	18735000
chr14	18740000	18750000	7.174807408987319	18745000
chr14	18750000	18760000	8.729576517872893	18755000
chr14	18760000	18770000	9.069347319047885	18765000
chr14	18770000	18780000	5.392897948254317	18775000
chr14	18780000	18790000	5.328297331608789	18785000
chr14	18790000	18800000	3.4325721675676206	18795000
chr14	18800000	18810000	3.7975289790283955	18805000
chr14	18810000	18820000	2.685530158724699	18815000
chr14	18820000	18830000	3.0363189994913937	18825000
chr14	18830000	18840000	0.8773643692833227	18835000
chr14	18840000	18850000	0.9947676277223431	18845000
chr14	18850000	18860000	0.6122920958325029	18855000
chr14	18860000	18870000	0.7929385715385844	18865000
chr14	18870000	18880000	0.2041960091476744	18875000
chr14	18880000	18890000	0.11347932673865362	18885000
chr14	18890000	18900000	0.08299001725714852	18895000
chr14	18900000	18910000	0.07386392987441222	18905000
chr14	18910000	18920000	0.2932736530031704	18915000
chr14	18920000	18930000	0.195389512029131	18925000
chr14	18930000	18940000	0.11165870952956135	18935000
chr14	18940000	18950000	0.09543694433097782	18945000
chr14	18950000	18960000	0.2203935075110847	18955000
chr14	18960000	18970000	0.2043361915849764	18965000
chr14	18970000	18980000	0.15732974826295743	18975000
chr14	18980000	18990000	0.09640615137140388	18985000
chr14	18990000	19000000	0.11344456094659752	18995000
chr14	19000000	19010000	0.14525457096912003	19005000
chr14	19010000	19020000	0.17295515691717672	19015000
chr14	19020000	19030000	0.16261707076782192	19025000
chr14	19030000	19040000	0.097658246786258	19035000
chr14	19040000	19050000	0.21610445323689798	19045000
chr14	19050000	19060000	0.2771634733864389	19055000
chr14	19060000	19070000	13.942721964829614	19065000
chr14	19070000	19080000	0.25514152780782356	19075000
chr14	19080000	19090000	0.08185095495980398	19085000
